--
-- Script was generated by Devart dbForge Studio 2020 for MySQL, Version 9.0.338.0
-- Product home page: http://www.devart.com/dbforge/mysql/studio
-- Script date 10/3/2022 11:53:10 AM
-- Server version: 8.0.30
-- Client version: 4.1
--

-- 
-- Disable foreign keys
-- 
/*!40014 SET @OLD_FOREIGN_KEY_CHECKS=@@FOREIGN_KEY_CHECKS, FOREIGN_KEY_CHECKS=0 */;

-- 
-- Set SQL mode
-- 
/*!40101 SET @OLD_SQL_MODE=@@SQL_MODE, SQL_MODE='NO_AUTO_VALUE_ON_ZERO' */;

-- 
-- Set character set the client will use to send SQL statements to the server
--
SET NAMES 'utf8';

--
-- Set default database
--
USE `misa.web08.nsdh.dxloc`;

--
-- Drop procedure `Proc_department_GetAll`
--
DROP PROCEDURE IF EXISTS Proc_department_GetAll;

--
-- Drop procedure `Proc_employee_EmployeeDetail`
--
DROP PROCEDURE IF EXISTS Proc_employee_EmployeeDetail;

--
-- Drop procedure `Proc_employee_Filter`
--
DROP PROCEDURE IF EXISTS Proc_employee_Filter;

--
-- Drop procedure `Proc_employee_GetAll`
--
DROP PROCEDURE IF EXISTS Proc_employee_GetAll;

--
-- Drop procedure `Proc_employee_GetMaxCode`
--
DROP PROCEDURE IF EXISTS Proc_employee_GetMaxCode;

--
-- Drop procedure `Proc_position_GetAll`
--
DROP PROCEDURE IF EXISTS Proc_position_GetAll;

--
-- Drop procedure `Proc_employee_DeleteOne`
--
DROP PROCEDURE IF EXISTS Proc_employee_DeleteOne;

--
-- Drop procedure `Proc_employee_DuplicateCode`
--
DROP PROCEDURE IF EXISTS Proc_employee_DuplicateCode;

--
-- Drop procedure `Proc_employee_GetByID`
--
DROP PROCEDURE IF EXISTS Proc_employee_GetByID;

--
-- Drop procedure `Proc_employee_InsertOne`
--
DROP PROCEDURE IF EXISTS Proc_employee_InsertOne;

--
-- Drop procedure `Proc_employee_UpdateOne`
--
DROP PROCEDURE IF EXISTS Proc_employee_UpdateOne;

--
-- Drop table `employee`
--
DROP TABLE IF EXISTS employee;

--
-- Drop table `department`
--
DROP TABLE IF EXISTS department;

--
-- Drop table `positions`
--
DROP TABLE IF EXISTS positions;

--
-- Set default database
--
USE `misa.web08.nsdh.dxloc`;

--
-- Create table `positions`
--
CREATE TABLE positions (
  PositionId char(36) NOT NULL DEFAULT '' COMMENT 'Id chức vụ',
  PositionCode varchar(20) NOT NULL DEFAULT '' COMMENT 'Mã chức vụ',
  PositionName varchar(255) NOT NULL DEFAULT '' COMMENT 'Tên chức vụ',
  CreateDate datetime DEFAULT NULL COMMENT 'Ngày tạo',
  CreateBy varchar(100) DEFAULT NULL COMMENT 'Người tạo',
  ModifiedDate datetime DEFAULT NULL COMMENT 'Ngày sửa gần nhất',
  ModifiedBy varchar(100) DEFAULT NULL COMMENT 'Người sửa gần nhất',
  PRIMARY KEY (PositionId)
)
ENGINE = INNODB,
AVG_ROW_LENGTH = 2048,
CHARACTER SET utf8mb4,
COLLATE utf8mb4_general_ci,
COMMENT = 'Bảng thông tin chức vụ';

--
-- Create table `department`
--
CREATE TABLE department (
  DepartmenId char(36) NOT NULL DEFAULT '' COMMENT 'ID phòng ban',
  DepartmentCode varchar(20) NOT NULL DEFAULT '' COMMENT 'Mã phòng ban',
  DepartmentName varchar(255) NOT NULL DEFAULT '' COMMENT 'Tên phòng ban',
  CreatedDate datetime DEFAULT NULL COMMENT 'Ngày tạo phòng ban',
  CreatedBy varchar(100) DEFAULT NULL COMMENT 'Người tạo phòng ban',
  ModifiedDate datetime DEFAULT NULL COMMENT 'Ngày sửa gần nhất',
  ModifiedBy varchar(100) DEFAULT NULL COMMENT 'Người sửa gần nhất',
  PRIMARY KEY (DepartmenId)
)
ENGINE = INNODB,
AVG_ROW_LENGTH = 2048,
CHARACTER SET utf8mb4,
COLLATE utf8mb4_general_ci,
COMMENT = 'Bảng thông tin phòng ban';

--
-- Create table `employee`
--
CREATE TABLE employee (
  EmployeeID char(36) NOT NULL DEFAULT '' COMMENT 'ID nhân viên',
  EmployeeCode varchar(20) NOT NULL DEFAULT '' COMMENT 'Mã nhân viên',
  FullName varchar(100) NOT NULL DEFAULT '' COMMENT 'Họ tên nhân viên',
  DateOfBirth datetime DEFAULT NULL COMMENT 'Ngày sinh',
  Gender tinyint DEFAULT NULL COMMENT 'Giới tính',
  PhoneNumber varchar(50) DEFAULT NULL COMMENT 'Số điện thoại nhân viên',
  Email varchar(50) DEFAULT NULL COMMENT 'Email nhân viên',
  Address varchar(255) DEFAULT NULL COMMENT 'Địa chỉ',
  IdentityNumber varchar(25) DEFAULT NULL COMMENT 'Số CCCD',
  IdentityDate datetime DEFAULT NULL COMMENT 'Ngày làm CCCD',
  IdentityPlace varchar(100) DEFAULT NULL COMMENT 'Nơi làm CCCD',
  DepartmentId char(36) DEFAULT NULL COMMENT 'ID phòng ban nhân viên',
  DepartmentCode varchar(20) DEFAULT NULL COMMENT 'Mã phòng ban nhân viên',
  DepartmentName varchar(100) DEFAULT NULL COMMENT 'Tên phòng ban nhân viên',
  PositionId char(36) DEFAULT NULL COMMENT 'ID chức vụ nhân viên',
  PositionCode varchar(20) DEFAULT NULL COMMENT 'Mã chức vụ nhân viên',
  PositionName varchar(100) DEFAULT NULL COMMENT 'Tên chức vụ nhân viên',
  Salary int DEFAULT NULL COMMENT 'Lương nhân viên',
  BankAccountNumber varchar(25) DEFAULT NULL COMMENT 'Số tài khoản ngân hàng',
  BankAccountName varchar(50) DEFAULT NULL COMMENT 'Tên tài khoản ngân hàng',
  BankBranch varchar(255) DEFAULT NULL COMMENT 'Chi nhánh ngân hàng',
  CreatedDate datetime DEFAULT NULL COMMENT 'Ngày tạo nhân viên',
  CreatedBy varchar(100) DEFAULT NULL COMMENT 'Người tạo nhân viên',
  ModifiedDate datetime DEFAULT NULL COMMENT 'Ngày chỉnh sửa thông tin nhân viên',
  ModifiedBy varchar(100) DEFAULT NULL COMMENT 'Người chỉnh sửa thông tin nhân viên',
  PRIMARY KEY (EmployeeID)
)
ENGINE = INNODB,
AVG_ROW_LENGTH = 486,
CHARACTER SET utf8mb4,
COLLATE utf8mb4_general_ci,
COMMENT = 'Bảng thông tin nhân viên';

--
-- Create index `EmployeeCode` on table `employee`
--
ALTER TABLE employee
ADD UNIQUE INDEX EmployeeCode (EmployeeCode);

--
-- Create index `IX_employee_FullName` on table `employee`
--
ALTER TABLE employee
ADD INDEX IX_employee_FullName (FullName);

--
-- Create foreign key
--
ALTER TABLE employee
ADD CONSTRAINT FK_employee_department_departmentID FOREIGN KEY (DepartmentId)
REFERENCES department (DepartmenId);

--
-- Create foreign key
--
ALTER TABLE employee
ADD CONSTRAINT FK_employee_position_positionID FOREIGN KEY (PositionId)
REFERENCES positions (PositionId);

DELIMITER $$

--
-- Create procedure `Proc_employee_UpdateOne`
--
CREATE DEFINER = 'root'@'localhost'
PROCEDURE Proc_employee_UpdateOne (IN v_EmployeeID char(36), -- Id nhân viên
IN v_EmployeeCode varchar(20), -- mã nhân viên
IN v_FullName varchar(100), -- tên nhân viên
IN v_DateOfBirth datetime, -- ngày sinh nhân viên
IN v_Gender tinyint, -- giới tính nhân viên
IN v_PhoneNumber varchar(50), -- số điện thoại cá nhân
IN v_Email varchar(100), -- email nhân viên
IN v_Address varchar(255), -- địa chỉ nhân viên
IN v_IdentityNumber varchar(25), -- căn cước công dân/ chứng minh thư nhân viên
IN v_IdentityDate datetime, -- ngày cấp căn cước công dân / chứng minh thư
IN v_IdentityPlace varchar(255), -- nơi cấp căn cước công dân / chứng minh thư
IN v_BankAccountNumber varchar(25), -- số tài khoản ngân hàng
IN v_BankAccountName varchar(255), -- tên ngân hàng
IN v_BankBranch varchar(255), -- chi nhánh ngân hàng
IN v_DepartmentID char(36), -- id đơn vị
IN v_DepartmentName varchar(255), -- tên đơn vị
IN v_DepartmentCode varchar(20), -- mã đơn vị
IN v_PositionID char(36), -- id chức danh
IN v_PositionName varchar(255), -- tên chức danh
IN v_PositionCode varchar(20), -- mã chức danh
IN v_CreatedDate datetime, -- ngày tạo nhân viên
IN v_CreatedBy varchar(100), -- người tạo nhân viên
IN v_ModifiedDate datetime, -- ngày sửa nhân viên gần nhất
IN v_ModifiedBy varchar(100) -- người sửa nhân viên gần nhất

)
BEGIN
  -- Author:        DXLOC
  -- Created date:  15/9/2022
  -- Description:   Sửa nhân viên
  -- Modified by:
  -- Code chạy thử: CALL Proc_employee_Update('NV6924', 'Nguyễn Update' , '0866898176');

  IF IFNULL(v_DepartmentID, '') = '' THEN
    SET v_DepartmentID = '';
  END IF;

  IF IFNULL(v_PositionID, '') = '' THEN
    SET v_PositionID = '';
  END IF;

  UPDATE employee
  SET EmployeeCode = v_EmployeeCode,
      FullName = v_FullName,
      DateOfBirth = v_DateOfBirth,
      Gender = v_Gender,
      PhoneNumber = v_PhoneNumber,
      Email = v_Email,
      Address = v_Address,
      IdentityNumber = v_IdentityNumber,
      IdentityDate = v_IdentityDate,
      IdentityPlace = v_IdentityPlace,
      BankAccountNumber = v_BankAccountNumber,
      BankAccountName = v_BankAccountName,
      BankBranch = v_BankBranch,
      DepartmentId = v_DepartmentID,
      DepartmentName = v_DepartmentName,
      DepartmentCode = v_DepartmentCode,
      PositionId = v_PositionID,
      PositionName = v_PositionName,
      PositionCode = v_PositionCode,
      CreatedDate = v_CreatedDate,
      CreatedBy = v_CreatedBy,
      ModifiedDate = v_ModifiedDate,
      ModifiedBy = v_ModifiedBy
  WHERE EmployeeID = v_EmployeeID;

END
$$

--
-- Create procedure `Proc_employee_InsertOne`
--
CREATE DEFINER = 'root'@'localhost'
PROCEDURE Proc_employee_InsertOne (IN v_EmployeeID char(36), -- Id nhân viên
IN v_EmployeeCode varchar(20), -- mã nhân viên
IN v_FullName varchar(100), -- tên nhân viên
IN v_DateOfBirth datetime, -- ngày sinh nhân viên
IN v_Gender tinyint, -- giới tính nhân viên
IN v_PhoneNumber varchar(50), -- số điện thoại cá nhân
IN v_Email varchar(100), -- email nhân viên
IN v_Address varchar(255), -- địa chỉ nhân viên
IN v_IdentityNumber varchar(25), -- căn cước công dân/ chứng minh thư nhân viên
IN v_IdentityDate datetime, -- ngày cấp căn cước công dân / chứng minh thư
IN v_IdentityPlace varchar(255), -- nơi cấp căn cước công dân / chứng minh thư
IN v_BankAccountNumber varchar(25), -- số tài khoản ngân hàng
IN v_BankAccountName varchar(255), -- tên ngân hàng
IN v_BankBranch varchar(255), -- chi nhánh ngân hàng
IN v_DepartmentID char(36), -- id đơn vị
IN v_DepartmentName varchar(255), -- tên đơn vị
IN v_DepartmentCode varchar(20), -- mã đơn vị
IN v_PositionID char(36), -- id chức danh
IN v_PositionName varchar(255), -- tên chức danh
IN v_PositionCode varchar(20), -- mã chức danh
IN v_CreatedDate datetime, -- ngày tạo nhân viên
IN v_CreatedBy varchar(100), -- người tạo nhân viên
IN v_ModifiedDate datetime, -- ngày sửa nhân viên gần nhất
IN v_ModifiedBy varchar(100) -- người sửa nhân viên gần nhất
)
BEGIN
  -- Author:        DXLOC
  -- Created date:  15/9/2022
  -- Description:   Thêm mới nhân viên
  -- Modified by:
  -- Code chạy thử: CALL Proc_employee_InsertOne();

  INSERT employee (EmployeeID, EmployeeCode, FullName, DateOfBirth, Gender, PhoneNumber, Email, Address, IdentityNumber, IdentityDate, IdentityPlace, BankAccountNumber, BankAccountName, BankBranch, DepartmentID, DepartmentName, DepartmentCode, PositionID, PositionName, PositionCode, CreatedDate, CreatedBy, ModifiedDate, ModifiedBy)
    VALUES (v_EmployeeID, v_EmployeeCode, v_FullName, v_DateOfBirth, v_Gender, v_PhoneNumber, v_Email, v_Address, v_IdentityNumber, v_IdentityDate, v_IdentityPlace, v_BankAccountNumber, v_BankAccountName, v_BankBranch, v_DepartmentID, v_DepartmentName, v_DepartmentCode, v_PositionID, v_PositionName, v_PositionCode, v_CreatedDate, v_CreatedBy, v_ModifiedDate, v_ModifiedBy);
END
$$

--
-- Create procedure `Proc_employee_GetByID`
--
CREATE DEFINER = 'root'@'localhost'
PROCEDURE Proc_employee_GetByID (IN v_id char(36))
BEGIN
  -- Author:        DXLOC
  -- Created date:  15/9/2022
  -- Description:   Lấy ra chi tiết nhân viên theo ID
  -- Modified by:
  -- Code chạy thử: CALL Proc_employee_GetByID()

  SELECT
    *
  FROM employee e
  WHERE e.EmployeeID = v_id;

END
$$

--
-- Create procedure `Proc_employee_DuplicateCode`
--
CREATE DEFINER = 'root'@'localhost'
PROCEDURE Proc_employee_DuplicateCode (IN v_employeeCode char(20), IN v_employeeId char(36))
BEGIN

  -- Author:        DXLOC
  -- Created date:  15/9/2022
  -- Description:   Lấy ra nhân viên theo mã code ( Check trùng mã )
  -- Modified by:
  -- Code chạy thử: CALL Proc_employee_DuplicateCode()
  IF v_employeeId IS NULL THEN
    SELECT
      *
    FROM employee
    WHERE EmployeeCode = v_employeeCode;
  ELSE
    SELECT
      *
    FROM employee
    WHERE EmployeeCode = v_employeeCode
    AND EmployeeID != v_employeeId;
  END IF;
END
$$

--
-- Create procedure `Proc_employee_DeleteOne`
--
CREATE DEFINER = 'root'@'localhost'
PROCEDURE Proc_employee_DeleteOne (IN v_employeeId char(36))
BEGIN
  -- Author:        DXLOC
  -- Created date:  15/9/2022
  -- Description:   Xóa 1 nhân viên
  -- Modified by
  -- Code chạy thử: CALL Proc_employee_DeleteOne("142f0fed-2a8d-534c-1180-e8e2a817c80e");

  DELETE
    FROM employee
  WHERE EmployeeID = v_employeeId;
END
$$

--
-- Create procedure `Proc_position_GetAll`
--
CREATE DEFINER = 'root'@'localhost'
PROCEDURE Proc_position_GetAll ()
BEGIN
  -- Author:        DXLOC
  -- Created date:  15/9/2022
  -- Description:   Lấy ra tất cả chức vụ
  -- Modified by:
  -- Code chạy thử: CALL Proc_position_GetAll()

  SET @allPositionQuery = CONCAT('SELECT * FROM positions');

  PREPARE allPositionQuery FROM @allPositionQuery;
  EXECUTE allPositionQuery;
  DEALLOCATE PREPARE allPositionQuery;
END
$$

--
-- Create procedure `Proc_employee_GetMaxCode`
--
CREATE DEFINER = 'root'@'localhost'
PROCEDURE Proc_employee_GetMaxCode ()
BEGIN
  -- Author:        DXLOC
  -- Created date:  15/9/2022
  -- Description:   Lấy ra nhân viên có mã nhân viên lớn nhất
  -- Modified by:
  -- Code chạy thử: CALL Proc_employee_GetMaxCode()

  SET @employeeIdMaxQuery = CONCAT('SELECT * FROM employee e WHERE e.EmployeeCode = (SELECT MAX(EmployeeCode) FROM employee)');

  PREPARE employeeIdMaxQuery FROM @employeeIdMaxQuery;
  EXECUTE employeeIdMaxQuery;
  DEALLOCATE PREPARE employeeIdMaxQuery;
END
$$

--
-- Create procedure `Proc_employee_GetAll`
--
CREATE DEFINER = 'root'@'localhost'
PROCEDURE Proc_employee_GetAll ()
BEGIN
  -- Author:        DXLOC
  -- Created date:  15/9/2022
  -- Description:   Lấy ra tất cả nhân viên
  -- Modified by:
  -- Code chạy thử: CALL Proc_employee_GetAll()

  SET @allEmployeeQuery = CONCAT('SELECT * FROM employee ORDER BY ModifiedDate DESC, CreatedDate DESC');

  PREPARE allEmployeeQuery FROM @allEmployeeQuery;
  EXECUTE allEmployeeQuery;
  DEALLOCATE PREPARE allEmployeeQuery;
END
$$

--
-- Create procedure `Proc_employee_Filter`
--
CREATE DEFINER = 'root'@'localhost'
PROCEDURE Proc_employee_Filter (IN v_pagenumber tinyint, -- Trang thứ bao nhiêu
IN v_pagesize tinyint, -- Số bản ghi trên 1 trang
IN v_search varchar(250))
BEGIN
  -- Author:        DXLOC
  -- Created date:  15/9/2022
  -- Description:   Lấy danh sách nhân viên và tổng số nhân viên có phân trang , tìm kiếm, sắp xếp
  -- Modified by:
  -- Code chạy thử: CALL Proc_employee_Filter(1, 10 , 'loc');
  SET @order = ' ORDER BY ModifiedDate DESC';

  IF IFNULL(v_search, '') = '' THEN
    SET @filterWhere = '1=1';
  ELSE
    SET @filterWhere = CONCAT(' EmployeeCode LIKE ''%', v_search, '%'' OR FullName LIKE ''%', v_search, '%'' OR Email LIKE ''%', v_search, '%''');
  END IF;

  -- điều kiện nếu ko có bản ghi (limit)
  IF v_pagesize = -1 THEN
    SET @filterQuery = CONCAT('SELECT e.EmployeeID, e.EmployeeCode, e.FullName, 
    e.Gender,e.DateOfBirth, e.IdentityNumber,e.IdentityDate, 
    e.IdentityPlace, e.PositionName, e.DepartmentName,e.PositionID, e.DepartmentID,
    e.BankAccountNumber, e.BankAccountName, e.BankBranch, e.Address
    FROM employee e WHERE ', @filterWhere, @order);
  ELSE
    SET @offset = (v_pagenumber * v_pagesize) - v_pagesize;
    SET @filterQuery = CONCAT('SELECT e.EmployeeID, e.EmployeeCode, e.FullName, 
    e.Gender , e.DateOfBirth, e.IdentityNumber,e.IdentityDate, 
    e.IdentityPlace, e.PositionName, e.DepartmentName,e.PositionID, e.DepartmentID,
    e.BankAccountNumber, e.BankAccountName,e.BankBranch, e.Address
    FROM employee e WHERE ', @filterWhere, @order, ' LIMIT ', v_pagesize, ' OFFSET ', @offset);
  END IF;

  -- Lấy ra tổng số bản ghi theo điều kiện lọc
  PREPARE filterQuery FROM @filterQuery;
  EXECUTE filterQuery;
  DEALLOCATE PREPARE filterQuery;

  -- Lấy ra tổng số bản ghi theo điều kiện lọc
  SET @filterQuery = CONCAT('SELECT count(EmployeeID) AS TotalCount FROM employee WHERE ', @filterWhere, @order);
  PREPARE filterQuery FROM @filterQuery;
  EXECUTE filterQuery;
  DEALLOCATE PREPARE filterQuery;
END
$$

--
-- Create procedure `Proc_employee_EmployeeDetail`
--
CREATE DEFINER = 'root'@'localhost'
PROCEDURE Proc_employee_EmployeeDetail (IN v_employeecode varchar(20))
BEGIN
  -- Author:        DXLOC
  -- Created date:  15/9/2022
  -- Description:   Lấy thông tin chi tiết nhân viên
  -- Modified by:
  -- Code chạy thử: CALL Proc_employee_employeeDetail(0 ,10 ,' DateOfBirth ASC ',' e.Gender = 1 ');

  SET @employeeDetailQuery = CONCAT('SELECT EmployeeCode , FullName, PhoneNumber, Email FROM employee WHERE EmployeeCode = ', v_employeecode);

  PREPARE employeeDetailQuery FROM @employeeDetailQuery;
  EXECUTE employeeDetailQuery;
  DEALLOCATE PREPARE employeeDetailQuery;
END
$$

--
-- Create procedure `Proc_department_GetAll`
--
CREATE DEFINER = 'root'@'localhost'
PROCEDURE Proc_department_GetAll ()
BEGIN
  -- Author:        DXLOC
  -- Created date:  15/9/2022
  -- Description:   Lấy ra tất cả phòng ban
  -- Modified by:
  -- Code chạy thử: CALL Proc_department_GetAll()

  SET @allDepartmentQuery = CONCAT('SELECT * FROM department');

  PREPARE allDepartmentQuery FROM @allDepartmentQuery;
  EXECUTE allDepartmentQuery;
  DEALLOCATE PREPARE allDepartmentQuery;
END
$$

DELIMITER ;

-- 
-- Dumping data for table positions
--
INSERT INTO positions VALUES
('11fbda18-5d9f-396c-1299-04b3a3d51ef2', 'P003', 'Vị trí 003', '2021-03-06 09:34:07', '8UOX1GP80VCA8CP063HA09VS', '2022-06-09 20:36:04', 'Hoàng Thái Bằng '),
('5ada22d3-3248-6596-6e1a-bb545470e80c', 'P001', 'Vị trí 001', '2021-07-24 07:58:12', '1NH', '2022-03-24 23:37:58', 'Nguyễn Văn Ngọc '),
('5e6695e2-5aad-3241-6c1a-bb545470e80c', 'P008', 'Vị trí 008', '2021-03-05 22:19:47', '3', '2022-09-02 08:46:04', 'Trân Việt Hương '),
('60e226cb-63fb-4363-fc4d-8601bf3d85d8', 'P004', 'Vị trí 004', '2021-01-01 00:01:08', 'T705H0T18O998465K8Y93FG6EG391H6PP5JI', '2022-02-21 20:40:22', 'Nguyễn Việt Ngọc '),
('6207a9a7-3bf9-7288-8565-390639088226', 'P006', 'Vị trí 006', '2021-08-18 22:32:58', '863S3L5G71J8018K47L63LFI110977UF', '2022-01-01 00:01:22', 'Nguyễn Minh Mạnh '),
('697be7ba-1738-6adf-298f-4d82f3a13455', 'P002', 'Vị trí 002', '2021-06-02 02:57:24', '1F8N0V5TWJA65X74PI3EX6LAER979Y3E5VTEWLVOR1K', '2022-01-01 00:00:04', 'Nguyễn Tuấn Bằng '),
('6d81a322-63f0-7270-6d1a-bb545470e80c', 'P007', 'Vị trí 007', '2021-01-01 01:08:43', '85CWN901I03W', '2022-03-23 01:47:43', 'Bùi  Thị Lệ'),
('76598eb0-20b1-664e-8665-390639088226', 'P005', 'Vị trí 005', '2021-09-03 00:54:42', 'O6T89K3HX', '2022-05-18 18:24:34', 'Võ Việt Thanh ');

-- 
-- Dumping data for table department
--
INSERT INTO department VALUES
('11452b0c-768e-5ff7-0d63-eeb1d8ed8cef', 'D005', 'Phòng Chủ tịch', '2021-08-04 09:05:49', 'Trân Minh Mạnh ', '2022-04-01 09:57:51', 'Nông Tuấn Trường '),
('142cb08f-7c31-21fa-8e90-67245e8b283e', 'D007', 'Phòng Lập trình viên', '2021-06-23 20:39:21', 'Nguyễn Ngọc Hương ', '2022-05-01 12:34:46', 'Lê  Thị Diễm'),
('17120d02-6ab5-3e43-18cb-66948daf6128', 'D003', 'Phòng Thư ký', '2021-07-23 03:36:18', 'Nông Ngọc Trường ', '2022-03-07 00:26:50', 'Trịnh  Thị Hường'),
('4577565a-7e3e-493a-74dd-867949feb8b5', 'D006', 'Phòng Tổng giám đốc', '2021-01-13 02:57:19', 'Trân Thái Thành ', '2022-08-28 14:19:33', 'Nguyễn Thái Thành '),
('469b3ece-744a-45d5-957d-e8c757976496', 'D004', 'Phòng Tiếp khách', '2021-08-07 08:16:29', 'Trân Ngọc Minh ', '2022-08-08 18:02:10', 'Nguyễn Ngọc Cường '),
('4e272fc4-7875-78d6-7d32-6a1673ffca7c', 'D008', 'Phòng Bảo vệ', '2021-01-01 01:19:23', 'Trân Ngọc Bằng ', '2022-07-20 13:31:49', 'Nông Minh Hoàng '),
('7686595d-16d5-33b3-0080-e8e2a817c80e', 'D001', 'Phòng Nhân sự', '2021-05-09 11:56:37', 'Hoàng Việt Anh ', '2022-06-02 19:58:23', 'Lê Tuấn Hương '),
('768f8e64-7d10-20c9-967d-e8c757976496', 'D002', 'Phòng Hội thảo', '2021-02-25 07:19:04', 'Nguyễn Văn Ngọc ', '2022-08-16 21:36:55', 'Nông Minh Thái ');

-- 
-- Dumping data for table employee
--
INSERT INTO employee VALUES
('1187d26d-889a-4c4c-8d89-a26ca3fce1b1', 'nv324234', 'ádasdasd', '2022-10-13 00:00:00', 0, NULL, NULL, NULL, 'ádas', '2022-09-28 00:00:00', 'đâsdasda', NULL, 'D005', 'Phòng Chủ tịch', '5ada22d3-3248-6596-6e1a-bb545470e80c', NULL, 'Vị trí 001', NULL, NULL, NULL, NULL, '2022-10-03 09:59:40', 'Dương Xuân Lộc', '2022-10-03 09:59:40', 'Cao Văn Cường'),
('119af01c-406e-1565-a77d-e8c757976496', 'NV0497', 'Nguyễn Tuyết Vân', '2002-11-20 00:00:00', 2, NULL, NULL, 'Nam Định', '002915514513', '2019-01-01 00:00:41', 'CA Hà Nội', '4577565a-7e3e-493a-74dd-867949feb8b5', 'D003', 'Phòng Thư ký', '5e6695e2-5aad-3241-6c1a-bb545470e80c', NULL, 'Vị trí 008', 37056195, '8651172', 'ACB', 'Chi nhánh Ngoại Giao Đoàn', '2022-10-02 23:20:27', 'Dương Xuân Lộc', '2022-10-02 23:20:27', 'Cao Văn Cường'),
('11d3a988-30ea-2b1d-0818-7000f455f3d5', 'NV8986', 'Trịnh Việt Mạnh ', '1994-11-11 00:00:00', 1, '0344071367', 'suca6765@gmail.com', 'Sài gòn', '001236804999', '2019-01-01 00:00:06', 'CA Hà Nội', '4e272fc4-7875-78d6-7d32-6a1673ffca7c', 'D008', 'Phòng Bảo vệ', '11fbda18-5d9f-396c-1299-04b3a3d51ef2', 'P003', 'Vị trí 003', 33428475, '3900978', 'ACB', 'Chi nhánh Ngoại Giao Đoàn', '2021-01-01 00:16:31', 'Dương Xuân Lộc', NULL, 'Mai Việt Cường '),
('11f7089b-33e6-371a-f817-7000f455f3d5', 'NV9638', 'Nông Tuấn Trường ', '1993-11-08 00:00:00', 1, '0344067669', 'TodPulley@misa.com', 'Nam Định', '002717657218', '2019-01-26 02:46:13', 'CA Hà Nội', '768f8e64-7d10-20c9-967d-e8c757976496', 'D002', 'Phòng Hội thảo', '76598eb0-20b1-664e-8665-390639088226', 'P005', 'Vị trí 005', 13269118, '5807196', 'ACB', 'Chi nhánh Ngoại Giao Đoàn', '2021-03-17 04:48:49', 'Dương Xuân Lộc', '2022-08-26 14:46:27', 'Mai Ngọc Mạnh '),
('124b4a06-7d39-6835-0980-e8e2a817c80e', 'NV8736', 'Nguyễn Việt Anh ', '2003-07-31 00:00:00', 1, '0377970475', 'Acker@gmail.com', 'Thái Bình ', '002444975788', '2020-07-04 11:34:40', 'CA Hà Nội', '4577565a-7e3e-493a-74dd-867949feb8b5', 'D006', 'Phòng Tổng giám đốc', '6d81a322-63f0-7270-6d1a-bb545470e80c', 'P007', 'Vị trí 007', 23260622, '6310748', 'ACB', 'Chi nhánh Ngoại Giao Đoàn', '2021-01-01 00:00:39', 'Dương Xuân Lộc', NULL, 'Trân Thái Thái '),
('135e72be-6cdf-5311-a47d-e8c757976496', 'NV8361', 'Võ Ngọc Minh ', '2001-05-12 00:00:00', 1, '0344688530', 'AbreuI@misa.com', 'Đà nẵng', '001884197908', '2020-08-14 02:37:27', 'CA Hà Nội', '17120d02-6ab5-3e43-18cb-66948daf6128', 'D003', 'Phòng Thư ký', '5ada22d3-3248-6596-6e1a-bb545470e80c', 'P001', 'Vị trí 001', 15680639, '5928592', 'ACB', 'Chi nhánh Ngoại Giao Đoàn', '2021-05-28 23:32:37', 'Dương Xuân Lộc', '2022-01-25 16:40:36', 'Nguyễn Tuấn Mạnh '),
('13db6fdb-6b0e-26f2-8edd-867949feb8b5', 'NV0916', 'Nguyễn Việt Anh ', '2004-05-14 00:00:00', 0, '0366606671', 'AbrahamSchuster@gmail.com', 'Nghệ An', '003122008010', '2019-01-01 00:15:58', 'CA Hà Nội', '17120d02-6ab5-3e43-18cb-66948daf6128', 'D003', 'Phòng Thư ký', '6207a9a7-3bf9-7288-8565-390639088226', 'P006', 'Vị trí 006', 12981941, '1695015', 'ACB', 'Chi nhánh Ngoại Giao Đoàn', '2021-05-10 10:43:41', NULL, '2022-01-01 01:41:18', 'Võ  Minh Ngọc'),
('13fc3540-52b5-3489-1163-eeb1d8ed8cef', 'NV8614', 'Mai Thái Anh ', '2004-11-17 00:00:00', 0, '0359528358', 'Murdock973@gmail.com', 'Nam Định', '003532311248', '2019-12-09 21:51:43', 'CA Hà Nội', '11452b0c-768e-5ff7-0d63-eeb1d8ed8cef', 'D005', 'Phòng Chủ tịch', '6207a9a7-3bf9-7288-8565-390639088226', 'P006', 'Vị trí 006', 20336054, '2739716', 'ACB', 'Chi nhánh Ngoại Giao Đoàn', '2021-01-01 00:01:09', 'Dương Xuân Lộc', NULL, 'Nguyễn Minh Anh '),
('141eea25-7b62-62de-8832-6a1673ffca7c', 'NV3528', 'Trịnh Ngọc Mạnh ', '1992-01-02 00:00:00', 2, '0385932623', 'Allred@gmail.com', 'Hà Nội', '001318187198', '2020-05-15 05:16:32', 'CA Hà Nội', '4577565a-7e3e-493a-74dd-867949feb8b5', 'D006', 'Phòng Tổng giám đốc', '5ada22d3-3248-6596-6e1a-bb545470e80c', 'P001', 'Vị trí 001', 41237497, '7088137', 'ACB', 'Chi nhánh Ngoại Giao Đoàn', NULL, 'Dương Xuân Lộc', NULL, NULL),
('142cb08f-7c31-21fa-8e90-67245e8b283e', 'NV1285', 'Nông Thái Cường ', '2004-10-28 00:00:00', 0, '0354076485', 'Adam.Acker24@gmail.com', 'Sài gòn', '002638861485', '2021-05-12 09:24:13', 'CA Hà Nội', '11452b0c-768e-5ff7-0d63-eeb1d8ed8cef', 'D005', 'Phòng Chủ tịch', '697be7ba-1738-6adf-298f-4d82f3a13455', 'P002', 'Vị trí 002', 48535276, '4375733', 'ACB', 'Chi nhánh Ngoại Giao Đoàn', '2021-07-23 10:09:42', 'Dương Xuân Lộc', '2022-05-01 20:12:41', 'Lê  Thị Diễm'),
('142f0fed-2a8d-534c-1180-e8e2a817c80e', 'NV3110', 'Võ Tuấn Thái ', '1995-01-11 00:00:00', 2, '0359924098', 'Riva_R.Morton5@misa.com', 'Thái Bình ', '003543095021', '2019-11-05 21:32:04', 'CA Hà Nội', '17120d02-6ab5-3e43-18cb-66948daf6128', 'D003', 'Phòng Thư ký', '6d81a322-63f0-7270-6d1a-bb545470e80c', 'P007', 'Vị trí 007', 24073545, '7559878', 'ACB', 'Chi nhánh Ngoại Giao Đoàn', '2021-01-01 01:24:55', 'Dương Xuân Lộc', '2022-09-13 23:27:05', 'Nguyễn Văn Thanh '),
('14672f47-7abc-2316-a97d-e8c757976496', 'NV6045', 'Nông Văn Hoàng ', '1993-10-04 00:00:00', 1, '0368809582', 'Benjamin455@gmail.com', 'Sài gòn', '001233484276', '2019-01-01 00:00:01', 'CA Hà Nội', '4e272fc4-7875-78d6-7d32-6a1673ffca7c', 'D008', 'Phòng Bảo vệ', '5ada22d3-3248-6596-6e1a-bb545470e80c', 'P001', 'Vị trí 001', 11303547, '5983489', 'ACB', 'Chi nhánh Ngoại Giao Đoàn', '2021-07-20 13:31:06', 'Dương Xuân Lộc', '2022-01-30 14:51:29', 'Lê Ngọc Thuận '),
('14c0ce35-1687-459c-1acb-66948daf6128', 'NV3571', 'Nguyễn Ngọc Hoàng ', '1992-03-11 00:00:00', 0, '0369111138', 'Clotilde.L.Schott6@gmail.com', NULL, '002204048581', '2020-06-01 21:55:29', 'CA Hà Nội', '142cb08f-7c31-21fa-8e90-67245e8b283e', 'D007', 'Phòng Lập trình viên', '5ada22d3-3248-6596-6e1a-bb545470e80c', 'P001', 'Vị trí 001', 22150068, '5707138', 'ACB', 'Chi nhánh Ngoại Giao Đoàn', '2021-01-24 04:06:19', 'Dương Xuân Lộc', '2022-07-19 11:54:18', 'Nguyễn Minh Trường '),
('14cee37e-3a57-4928-ac90-67245e8b283e', 'NV4196', 'Nguyễn Minh Ngọc ', '1992-12-20 00:00:00', NULL, NULL, 'KasieSpring131@gmail.com', 'Hải Dương', '002561691765', '2019-12-10 05:55:41', 'CA Hà Nội', '4e272fc4-7875-78d6-7d32-6a1673ffca7c', 'D008', 'Phòng Bảo vệ', '5ada22d3-3248-6596-6e1a-bb545470e80c', 'P001', 'Vị trí 001', 30556142, '6904030', 'ACB', NULL, '2021-09-22 10:58:23', NULL, NULL, 'Trịnh Minh Minh '),
('156a4794-7a9b-5c3e-2bcb-66948daf6128', 'NV7972', 'Nguyễn Minh Cường ', '2001-04-27 00:00:00', 2, '0369680922', 'Adler874@misa.com', 'Ninh Bình', '003870029247', '2019-01-01 00:00:57', 'CA Hà Nội', '4577565a-7e3e-493a-74dd-867949feb8b5', 'D006', 'Phòng Tổng giám đốc', '6207a9a7-3bf9-7288-8565-390639088226', 'P006', 'Vị trí 006', 15904125, '7341372', 'ACB', 'Chi nhánh Ngoại Giao Đoàn', '2021-07-05 01:16:40', 'Dương Xuân Lộc', '2022-08-04 08:08:53', 'Lê Tuấn Tuấn '),
('15fb79ad-271b-30eb-8f32-6a1673ffca7c', 'NV9525', 'Nguyễn  Mai Hân', '1995-10-14 00:00:00', 2, '0367213867', 'BeckyFields@gmail.com', 'Nghệ An', '002586856312', '2021-09-01 19:15:47', 'CA Hà Nội', '4577565a-7e3e-493a-74dd-867949feb8b5', 'D006', 'Phòng Tổng giám đốc', '5ada22d3-3248-6596-6e1a-bb545470e80c', 'P001', 'Vị trí 001', 32223771, '0101768', 'ACB', 'Chi nhánh Ngoại Giao Đoàn', '2021-04-28 07:23:32', 'Dương Xuân Lộc', NULL, 'Nguyễn Việt Thanh '),
('161a4ff9-2338-1790-1c63-eeb1d8ed8cef', 'NV3509', 'Nguyễn Ngọc Hiếu ', '1992-02-27 00:00:00', 1, '0396668132', 'batrq2434@gmail.com', 'Nam Định', '001320222801', '2020-08-18 09:57:15', 'CA Hà Nội', '7686595d-16d5-33b3-0080-e8e2a817c80e', 'D001', 'Phòng Nhân sự', '697be7ba-1738-6adf-298f-4d82f3a13455', 'P002', 'Vị trí 002', 24806342, '9876148', 'ACB', 'Chi nhánh Ngoại Giao Đoàn', '2021-03-29 18:31:34', 'Dương Xuân Lộc', '2022-05-28 19:55:28', 'Nguyễn Thái Minh '),
('16404eb2-7191-78a5-38cb-66948daf6128', 'NV6924', 'Hoàng Văn Hiếu ', '1993-07-08 00:00:00', NULL, NULL, 'Babin@gmail.com', 'Hải Dương', '001598900670', '2020-12-28 03:31:33', 'CA Hà Nội', '4577565a-7e3e-493a-74dd-867949feb8b5', 'D006', 'Phòng Tổng giám đốc', '11fbda18-5d9f-396c-1299-04b3a3d51ef2', 'P003', 'Vị trí 003', 10592465, '9236677', 'ACB', NULL, '2021-06-03 05:36:57', NULL, NULL, 'Nguyễn Minh Minh '),
('16d64573-7d44-18a4-2acb-66948daf6128', 'NV1425', 'Hoàng Thái Tuấn ', '1992-01-10 00:00:00', 2, '0382889757', 'Josefa_Burton6@gmail.com', 'Nam Định', '003312998445', '2021-08-14 05:31:24', 'CA Hà Nội', '4e272fc4-7875-78d6-7d32-6a1673ffca7c', 'D008', 'Phòng Bảo vệ', '6207a9a7-3bf9-7288-8565-390639088226', 'P006', 'Vị trí 006', 17498362, '3828349', 'ACB', 'Chi nhánh Ngoại Giao Đoàn', '2021-02-13 02:40:57', 'Dương Xuân Lộc', NULL, 'Bùi Ngọc Thái '),
('17120d02-6ab5-3e43-18cb-66948daf6128', 'NV8679', 'Nguyễn Ngọc Tuấn ', '1997-11-03 00:00:00', 0, '0383325729', 'Jenell_Sell33@gmail.com', 'Sài gòn', '002385499298', '2019-01-01 01:19:23', 'CA Hà Nội', '11452b0c-768e-5ff7-0d63-eeb1d8ed8cef', 'D005', 'Phòng Chủ tịch', '697be7ba-1738-6adf-298f-4d82f3a13455', 'P002', 'Vị trí 002', 28625786, '8549888', 'ACB', 'Chi nhánh Ngoại Giao Đoàn', '2021-09-03 15:57:40', 'Dương Xuân Lộc', NULL, 'Trịnh  Thị Hường'),
('176a5ef0-6a1f-5178-7292-08c864661f9c', 'NV3543', 'Nguyễn Việt Cường ', '2004-12-17 00:00:00', 2, '0399952043', 'Johns@gmail.com', 'Ninh Bình', '002911506378', '2019-01-01 00:00:27', 'CA Hà Nội', '4e272fc4-7875-78d6-7d32-6a1673ffca7c', 'D008', 'Phòng Bảo vệ', '11fbda18-5d9f-396c-1299-04b3a3d51ef2', 'P003', 'Vị trí 003', 43410551, '0307886', 'ACB', 'Chi nhánh Ngoại Giao Đoàn', '2021-05-28 05:19:12', 'Dương Xuân Lộc', NULL, 'Bùi Minh Minh '),
('1785d6d7-5898-2235-a17d-e8c757976496', 'NV8775', 'Nguyễn Thái Cường ', '1992-01-08 00:00:00', 0, '0371219747', 'Carter@misa.com', 'Nghệ An', '002499014069', '2021-05-29 07:17:37', 'CA Hà Nội', '768f8e64-7d10-20c9-967d-e8c757976496', 'D002', 'Phòng Hội thảo', '60e226cb-63fb-4363-fc4d-8601bf3d85d8', 'P004', 'Vị trí 004', 19813861, '3999516', 'ACB', 'Chi nhánh Ngoại Giao Đoàn', '2021-01-01 00:00:03', NULL, NULL, 'Nguyễn Minh Ngọc '),
('179d5bc0-2405-67f7-9590-67245e8b283e', 'NV8693', 'Trân  Diễm Hương', '1995-04-28 00:00:00', 0, '0376055834', 'Reeves@misa.com', 'Nghệ An', '001928584429', '2019-12-04 05:53:16', 'CA Hà Nội', '142cb08f-7c31-21fa-8e90-67245e8b283e', 'D007', 'Phòng Lập trình viên', '6d81a322-63f0-7270-6d1a-bb545470e80c', 'P007', 'Vị trí 007', 11664813, '5738820', 'ACB', 'Chi nhánh Ngoại Giao Đoàn', '2021-02-12 01:37:50', 'Dương Xuân Lộc', '2022-01-01 00:00:02', 'Nguyễn Minh Trường '),
('17bf02de-2b93-2829-29cb-66948daf6128', 'NV5407', 'Nguyễn Minh Hoàng ', '1992-01-02 00:00:00', 1, '0398047823', 'Amiee.Frasier389@misa.com', 'Nghệ An', '001045240432', '2019-09-07 03:30:25', 'CA Hà Nội', '469b3ece-744a-45d5-957d-e8c757976496', 'D004', 'Phòng Tiếp khách', '76598eb0-20b1-664e-8665-390639088226', 'P005', 'Vị trí 005', 20965432, '2034175', 'ACB', 'Chi nhánh Ngoại Giao Đoàn', '2021-02-07 08:39:43', 'Dương Xuân Lộc', NULL, 'Nguyễn Minh Mạnh '),
('1807779e-1207-7282-c3db-e5d54223c257', 'NV5495', 'Trân Tuấn Tuấn ', '2004-09-25 00:00:00', 0, '0346280547', 'AdalbertoBaxley8@gmail.com', NULL, '001457872425', '2019-09-05 14:19:38', 'CA Hà Nội', '4e272fc4-7875-78d6-7d32-6a1673ffca7c', 'D008', 'Phòng Bảo vệ', '76598eb0-20b1-664e-8665-390639088226', 'P005', 'Vị trí 005', 46604759, '7682826', 'ACB', 'Chi nhánh Ngoại Giao Đoàn', '2021-01-01 00:00:09', 'Dương Xuân Lộc', NULL, 'Nguyễn Thái Hoàng '),
('18748437-1876-12e0-2063-eeb1d8ed8cef', 'NV9664', 'Mai  Thị Hương', '1994-12-21 00:00:00', 2, '0395673990', 'ChantellePonce@gmail.com', 'Nam Định', '002437150210', '2021-04-29 04:43:58', 'CA Hà Nội', '17120d02-6ab5-3e43-18cb-66948daf6128', 'D003', 'Phòng Thư ký', '60e226cb-63fb-4363-fc4d-8601bf3d85d8', 'P004', 'Vị trí 004', 25356615, '0342060', 'ACB', 'Chi nhánh Ngoại Giao Đoàn', '2021-08-04 12:35:42', 'Dương Xuân Lộc', '2022-01-01 02:32:26', 'Nguyễn Minh Cường '),
('187886c9-1b52-7b5f-1e63-eeb1d8ed8cef', 'NV0623', 'Nguyễn Văn Cường ', '1994-03-26 00:00:00', 1, '0368927061', 'EnochDaniel@gmail.com', 'Đà nẵng', '001919277462', '2020-12-27 04:23:46', 'CA Hà Nội', '4e272fc4-7875-78d6-7d32-6a1673ffca7c', 'D008', 'Phòng Bảo vệ', '76598eb0-20b1-664e-8665-390639088226', 'P005', 'Vị trí 005', 43828181, '9433479', 'ACB', 'Chi nhánh Ngoại Giao Đoàn', '2021-07-02 12:56:19', 'Dương Xuân Lộc', NULL, 'Nguyễn Văn Cường '),
('19601bbe-2a67-39fa-a990-67245e8b283e', 'NV6392', 'Nguyễn Việt Hoàng ', '1992-03-25 00:00:00', 2, '0348470006', 'HandA@misa.com', 'Nghệ An', '002954942801', '2019-04-16 12:13:51', 'CA Hà Nội', '142cb08f-7c31-21fa-8e90-67245e8b283e', 'D007', 'Phòng Lập trình viên', '60e226cb-63fb-4363-fc4d-8601bf3d85d8', 'P004', 'Vị trí 004', 48187640, '4921976', 'ACB', 'Chi nhánh Ngoại Giao Đoàn', '2021-01-25 04:39:40', 'Dương Xuân Lộc', '2022-09-07 09:49:52', 'Nguyễn Ngọc Anh '),
('19b29f82-468c-1cf8-9232-6a1673ffca7c', 'NV8724', 'Nguyễn Việt Thái ', '2002-05-25 00:00:00', 0, '0350884623', 'MagaretP_Rucker@gmail.com', NULL, '001790149919', '2019-01-01 02:41:11', 'CA Hà Nội', '4577565a-7e3e-493a-74dd-867949feb8b5', 'D006', 'Phòng Tổng giám đốc', '60e226cb-63fb-4363-fc4d-8601bf3d85d8', 'P004', 'Vị trí 004', 15728538, '3955961', 'ACB', 'Chi nhánh Ngoại Giao Đoàn', NULL, 'Dương Xuân Lộc', '2022-05-19 02:01:17', NULL),
('1aa0e98e-1db8-60c0-1d80-e8e2a817c80e', 'NV5426', 'Trân Tuấn Tuấn ', '1992-04-21 00:00:00', NULL, NULL, 'qejuus9618@gmail.com', 'Nam Định', '002367632797', '2020-07-07 11:38:03', 'CA Hà Nội', '768f8e64-7d10-20c9-967d-e8c757976496', 'D002', 'Phòng Hội thảo', '6207a9a7-3bf9-7288-8565-390639088226', 'P006', 'Vị trí 006', 13101392, '7296114', 'ACB', NULL, '2021-04-01 10:20:53', 'Dương Xuân Lộc', NULL, 'Nguyễn Thái Ngọc '),
('1b053175-548d-6448-8bdd-867949feb8b5', 'NV6499', 'Nguyễn Thái Bằng ', '2000-01-02 00:00:00', 1, '0374598645', 'ElmoCroteau28@gmail.com', 'Ninh Bình', '003109385113', '2020-01-19 13:10:25', 'CA Hà Nội', '4577565a-7e3e-493a-74dd-867949feb8b5', 'D006', 'Phòng Tổng giám đốc', '697be7ba-1738-6adf-298f-4d82f3a13455', 'P002', 'Vị trí 002', 22810070, '2803388', 'ACB', 'Chi nhánh Ngoại Giao Đoàn', '2021-01-01 00:00:08', 'Dương Xuân Lộc', '2022-04-26 14:30:42', 'Nông Tuấn Bằng '),
('1b336f56-7ee3-7ceb-1ccb-66948daf6128', 'NV0604', 'Trịnh Việt Trường ', '1995-09-12 00:00:00', 0, '0352594296', 'Shockley@gmail.com', NULL, '002807614258', '2020-04-26 17:45:28', 'CA Hà Nội', '4577565a-7e3e-493a-74dd-867949feb8b5', 'D006', 'Phòng Tổng giám đốc', '11fbda18-5d9f-396c-1299-04b3a3d51ef2', 'P003', 'Vị trí 003', 33926733, '5416143', 'ACB', 'Chi nhánh Ngoại Giao Đoàn', '2021-07-05 21:13:09', 'Dương Xuân Lộc', '2022-01-01 00:09:08', 'Nguyễn Tuấn Mạnh '),
('1bb57cae-439a-434b-91dd-867949feb8b5', 'NV2140', 'Nông Văn Thuận ', NULL, 0, '0342678809', 'Mackie764@gmail.com', 'Ninh Bình', '001325983853', NULL, 'CA Hà Nội', '768f8e64-7d10-20c9-967d-e8c757976496', 'D002', 'Phòng Hội thảo', '11fbda18-5d9f-396c-1299-04b3a3d51ef2', 'P003', 'Vị trí 003', NULL, '8193902', 'ACB', 'Chi nhánh Ngoại Giao Đoàn', '2021-04-17 13:56:03', 'Dương Xuân Lộc', NULL, 'Nguyễn  Diễm Diễm'),
('1bf8a43c-47fb-4d6c-1863-eeb1d8ed8cef', 'NV9630', 'Nguyễn Việt Thành ', NULL, 1, '0385135414', 'TariAndrews@gmail.com', 'Ninh Bình', '001765762687', NULL, 'CA Hà Nội', '17120d02-6ab5-3e43-18cb-66948daf6128', 'D003', 'Phòng Thư ký', '6d81a322-63f0-7270-6d1a-bb545470e80c', 'P007', 'Vị trí 007', NULL, '5716201', 'ACB', 'Chi nhánh Ngoại Giao Đoàn', '2021-07-05 06:21:52', 'Dương Xuân Lộc', '2022-05-30 21:23:39', 'Trịnh Ngọc Mạnh '),
('1c2187a3-6d94-2ded-21cb-66948daf6128', 'NV1020', 'Nguyễn  Thị Linh', '1995-10-09 00:00:00', 2, '0370032421', 'KarisaDeloach@gmail.com', 'Nghệ An', '001693778686', '2021-01-31 23:17:10', 'CA Hà Nội', '4e272fc4-7875-78d6-7d32-6a1673ffca7c', 'D008', 'Phòng Bảo vệ', '5e6695e2-5aad-3241-6c1a-bb545470e80c', 'P008', 'Vị trí 008', 10982644, '6291267', 'ACB', 'Chi nhánh Ngoại Giao Đoàn', '2021-03-31 17:13:00', 'Dương Xuân Lộc', '2022-01-01 00:00:39', 'Nông Việt Trường '),
('1c54c4b9-2160-7a8a-35cb-66948daf6128', 'NV4808', 'Mai Việt Mạnh ', '1998-06-13 00:00:00', 0, '0394010018', 'paosc961@gmail.com', 'Nghệ An', '003902867332', '2019-04-11 02:30:38', 'CA Hà Nội', '11452b0c-768e-5ff7-0d63-eeb1d8ed8cef', 'D005', 'Phòng Chủ tịch', '11fbda18-5d9f-396c-1299-04b3a3d51ef2', 'P003', 'Vị trí 003', 24799417, '8502661', 'ACB', 'Chi nhánh Ngoại Giao Đoàn', '2021-01-01 00:00:06', 'Dương Xuân Lộc', NULL, 'Võ  Thị Ngọc'),
('1d81f1ef-7791-31a5-1780-e8e2a817c80e', 'NV1916', 'Nguyễn  Minh Ly', '1992-03-22 00:00:00', 1, '0393664149', 'HorowitzW@gmail.com', 'Nam Định', '001798705222', '2019-01-01 00:01:11', 'CA Hà Nội', '7686595d-16d5-33b3-0080-e8e2a817c80e', 'D001', 'Phòng Nhân sự', '5e6695e2-5aad-3241-6c1a-bb545470e80c', 'P008', 'Vị trí 008', 46781650, '3910660', 'ACB', 'Chi nhánh Ngoại Giao Đoàn', '2021-09-27 18:18:32', 'Dương Xuân Lộc', NULL, 'Hoàng Thái Trường '),
('1da031ce-7347-6fc1-ff17-7000f455f3d5', 'NV6463', 'Nguyễn Việt Hoàng ', '2001-05-18 00:00:00', 1, '0342912697', 'Petrie@gmail.com', 'Đà nẵng', '001409183977', '2019-01-01 00:00:41', 'CA Hà Nội', '17120d02-6ab5-3e43-18cb-66948daf6128', 'D003', 'Phòng Thư ký', '76598eb0-20b1-664e-8665-390639088226', 'P005', 'Vị trí 005', 34053856, '9193818', 'ACB', 'Chi nhánh Ngoại Giao Đoàn', '2021-06-16 22:41:45', 'Dương Xuân Lộc', '2022-01-01 00:00:01', 'Trịnh Minh Thuận '),
('1ded3dd7-32db-5bc9-9190-67245e8b283e', 'NV3223', 'Hoàng Việt Thanh ', '1998-11-16 00:00:00', 2, '0371575997', 'Armstrong5@gmail.com', 'Ninh Bình', '001949186997', '2019-10-24 23:33:32', 'CA Hà Nội', '4e272fc4-7875-78d6-7d32-6a1673ffca7c', 'D008', 'Phòng Bảo vệ', '5e6695e2-5aad-3241-6c1a-bb545470e80c', 'P008', 'Vị trí 008', 23877505, '4664696', 'ACB', 'Chi nhánh Ngoại Giao Đoàn', '2021-08-28 21:34:54', 'Dương Xuân Lộc', '2022-05-03 08:01:27', 'Nguyễn Văn Bằng '),
('1e5a953f-1c88-5769-addb-e5d54223c257', 'NV8508', 'Nguyễn Thái Tuấn ', '2002-05-27 00:00:00', 0, '0349642266', 'Coates@gmail.com', 'Nam Định', '001091007363', '2020-06-08 18:15:03', 'CA Hà Nội', '4e272fc4-7875-78d6-7d32-6a1673ffca7c', 'D008', 'Phòng Bảo vệ', '60e226cb-63fb-4363-fc4d-8601bf3d85d8', 'P004', 'Vị trí 004', 24546056, '4113137', 'ACB', 'Chi nhánh Ngoại Giao Đoàn', '2021-07-28 07:13:31', 'Dương Xuân Lộc', NULL, 'Trân Thái Tuấn '),
('1eb07f4e-7018-6d54-6b92-08c864661f9c', 'NV1742', 'Nguyễn Thái Anh ', '2000-07-08 00:00:00', 2, '0397489874', 'ChandaDrummond8@gmail.com', 'Hà Nội', '003916374316', '2020-04-22 10:38:58', 'CA Hà Nội', '4e272fc4-7875-78d6-7d32-6a1673ffca7c', 'D008', 'Phòng Bảo vệ', '76598eb0-20b1-664e-8665-390639088226', 'P005', 'Vị trí 005', 31831323, '5104368', 'ACB', 'Chi nhánh Ngoại Giao Đoàn', '2021-06-19 23:26:15', 'Dương Xuân Lộc', '2022-04-09 05:44:27', 'Nguyễn Ngọc Trường '),
('1ed20894-74c5-3235-a690-67245e8b283e', 'NV0280', 'Nguyễn Tuấn Bằng ', '1998-07-11 00:00:00', 1, '0360369214', 'Max_Silverman917@gmail.com', 'Nghệ An', '002544611953', '2019-04-15 00:52:03', 'CA Hà Nội', '4577565a-7e3e-493a-74dd-867949feb8b5', 'D006', 'Phòng Tổng giám đốc', '6d81a322-63f0-7270-6d1a-bb545470e80c', 'P007', 'Vị trí 007', 28029736, '5908230', 'ACB', 'Chi nhánh Ngoại Giao Đoàn', '2021-02-08 05:41:31', 'Dương Xuân Lộc', NULL, 'Nguyễn  Diễm Loan'),
('1f22399e-14b4-5c2b-8132-6a1673ffca7c', 'NV4395', 'Nguyễn Thái Minh ', '1994-08-04 00:00:00', 2, '0392991257', 'Wampler865@gmail.com', 'Nam Định', '003305923025', '2019-08-23 00:12:21', 'CA Hà Nội', '4e272fc4-7875-78d6-7d32-6a1673ffca7c', 'D008', 'Phòng Bảo vệ', '6207a9a7-3bf9-7288-8565-390639088226', 'P006', 'Vị trí 006', 47921369, '0366910', 'ACB', 'Chi nhánh Ngoại Giao Đoàn', '2021-07-03 19:55:53', 'Dương Xuân Lộc', NULL, 'Trân  Thị Giang'),
('1f74cd3f-6de4-5324-0180-e8e2a817c80e', 'NV1833', 'Lê  Thị Giang', '1993-01-15 00:00:00', 2, '0352817592', 'khftnfkh_wmbpnxvywu@gmail.com', 'Nam Định', '002764534078', NULL, 'CA Hà Nội', '17120d02-6ab5-3e43-18cb-66948daf6128', 'D003', 'Phòng Thư ký', '5e6695e2-5aad-3241-6c1a-bb545470e80c', 'P008', 'Vị trí 008', NULL, '2259433', 'ACB', 'Chi nhánh Ngoại Giao Đoàn', '2021-07-27 04:41:31', 'Dương Xuân Lộc', NULL, 'Mai  Ngọc Hường'),
('1f8d7e46-1d1e-335f-79dd-867949feb8b5', 'NV4905', 'Nguyễn Minh Cường ', '1994-04-13 00:00:00', 2, '0397950966', 'earshihv.ojhl@gmail.com', 'Hà Nội', '003758762124', '2019-11-25 11:35:53', 'CA Hà Nội', '142cb08f-7c31-21fa-8e90-67245e8b283e', 'D007', 'Phòng Lập trình viên', '5e6695e2-5aad-3241-6c1a-bb545470e80c', 'P008', 'Vị trí 008', 44749875, '9296818', 'ACB', 'Chi nhánh Ngoại Giao Đoàn', '2021-03-12 21:24:28', 'Dương Xuân Lộc', '2022-01-15 21:53:10', 'Lê  Thị Ngọc'),
('205a3e0a-13fe-3557-8232-6a1673ffca7c', 'NV6766', 'Nguyễn Minh Trường ', '1992-01-06 00:00:00', NULL, NULL, 'HornsbyQ@misa.com', 'Nghệ An', '001214605977', '2019-03-22 18:35:57', 'CA Hà Nội', '4577565a-7e3e-493a-74dd-867949feb8b5', 'D006', 'Phòng Tổng giám đốc', '6207a9a7-3bf9-7288-8565-390639088226', 'P006', 'Vị trí 006', 30884090, '8432153', 'ACB', NULL, '2021-05-15 04:54:35', 'Dương Xuân Lộc', NULL, 'Lê Việt Minh '),
('207bba19-49aa-63f4-88dd-867949feb8b5', 'NV2261', 'Nguyễn Văn Thuận ', '1992-12-04 00:00:00', 1, '0382224206', 'Wally_M.Cheek@gmail.com', 'Thái Bình ', '002922237131', '2019-03-12 12:19:15', 'CA Hà Nội', '11452b0c-768e-5ff7-0d63-eeb1d8ed8cef', 'D005', 'Phòng Chủ tịch', '6d81a322-63f0-7270-6d1a-bb545470e80c', 'P007', 'Vị trí 007', 32934161, '8371564', 'ACB', 'Chi nhánh Ngoại Giao Đoàn', '2021-01-01 00:00:54', 'Dương Xuân Lộc', NULL, 'Lê Minh Ngọc '),
('20d0b9f3-3e65-1639-9d7d-e8c757976496', 'NV9143', 'Lê Minh Anh ', '2000-02-13 00:00:00', 0, '0359987621', 'ClarenceIAcevedo@misa.com', 'Nam Định', '002405617653', '2019-07-28 08:12:04', 'CA Hà Nội', '469b3ece-744a-45d5-957d-e8c757976496', 'D004', 'Phòng Tiếp khách', '60e226cb-63fb-4363-fc4d-8601bf3d85d8', 'P004', 'Vị trí 004', 31635280, '7453855', 'ACB', 'Chi nhánh Ngoại Giao Đoàn', '2021-02-13 02:50:47', 'Dương Xuân Lộc', '2022-01-01 00:00:54', 'Võ Ngọc Mạnh '),
('2134f868-7147-79fa-c5db-e5d54223c257', 'NV5280', 'Trịnh Việt Thuận ', NULL, NULL, NULL, 'AdanHenley358@misa.com', 'Sài gòn', '003042740126', '2019-10-26 07:57:52', 'CA Hà Nội', '768f8e64-7d10-20c9-967d-e8c757976496', 'D002', 'Phòng Hội thảo', '6d81a322-63f0-7270-6d1a-bb545470e80c', 'P007', 'Vị trí 007', 17093189, '0465946', 'ACB', NULL, '2021-09-06 19:07:28', NULL, NULL, 'Bùi Việt Trường '),
('2152ea1c-3cd9-7d2b-8d32-6a1673ffca7c', 'NV8140', 'Trân Văn Thanh ', '2001-12-22 00:00:00', 0, '0398529220', 'PatriciaTabor781@misa.com', NULL, '002540593949', '2021-05-01 03:28:06', 'CA Hà Nội', '142cb08f-7c31-21fa-8e90-67245e8b283e', 'D007', 'Phòng Lập trình viên', '5ada22d3-3248-6596-6e1a-bb545470e80c', 'P001', 'Vị trí 001', 47716500, '0665269', 'ACB', 'Chi nhánh Ngoại Giao Đoàn', '2021-06-23 07:07:00', 'Dương Xuân Lộc', '2022-01-01 00:01:40', 'Nguyễn Minh Cường '),
('22032557-51a3-4005-1263-eeb1d8ed8cef', 'NV1218', 'Nguyễn Tuấn Bằng ', '1999-03-09 00:00:00', 2, '0361206243', 'DannetteBlodgett@gmail.com', NULL, '001213296337', '2019-03-21 22:01:26', 'CA Hà Nội', '469b3ece-744a-45d5-957d-e8c757976496', 'D004', 'Phòng Tiếp khách', '6207a9a7-3bf9-7288-8565-390639088226', 'P006', 'Vị trí 006', 26759121, '5957381', 'ACB', 'Chi nhánh Ngoại Giao Đoàn', '2021-01-03 00:48:06', 'Dương Xuân Lộc', NULL, 'Nguyễn Thái Trường '),
('22f831e3-5d4e-3508-1480-e8e2a817c80e', 'NV6354', 'Nguyễn Tuấn Trường ', '1992-01-08 00:00:00', 0, '0364998030', 'Walls@misa.com', 'Hải Dương', '002894090195', '2019-01-01 00:14:14', 'CA Hà Nội', '768f8e64-7d10-20c9-967d-e8c757976496', 'D002', 'Phòng Hội thảo', '697be7ba-1738-6adf-298f-4d82f3a13455', 'P002', 'Vị trí 002', 49830101, '4500778', 'ACB', 'Chi nhánh Ngoại Giao Đoàn', '2021-06-21 13:34:25', NULL, '2022-08-08 13:39:56', 'Nguyễn Tuấn Hương '),
('238a5fc0-4bb3-17e5-8ddd-867949feb8b5', 'NV0731', 'Nguyễn Ngọc Tuấn ', '1992-09-05 00:00:00', 1, '0392212044', 'Abe.Borden916@misa.com', 'Hà Nội', '001617276261', '2020-12-12 02:46:01', 'CA Hà Nội', '7686595d-16d5-33b3-0080-e8e2a817c80e', 'D001', 'Phòng Nhân sự', '697be7ba-1738-6adf-298f-4d82f3a13455', 'P002', 'Vị trí 002', 25221952, '4244632', 'ACB', 'Chi nhánh Ngoại Giao Đoàn', '2021-05-09 04:30:20', 'Dương Xuân Lộc', '2022-03-18 11:53:09', 'Bùi Tuấn Cường '),
('239aed9c-3cda-1b2f-1980-e8e2a817c80e', 'NV0695', 'Nguyễn Văn Ngọc ', '1992-03-15 00:00:00', 1, '0361942420', 'Abrams@gmail.com', 'Ninh Bình', '001247960059', '2019-01-01 00:00:29', 'CA Hà Nội', '4e272fc4-7875-78d6-7d32-6a1673ffca7c', 'D008', 'Phòng Bảo vệ', '60e226cb-63fb-4363-fc4d-8601bf3d85d8', 'P004', 'Vị trí 004', 32356070, '2866629', 'ACB', 'Chi nhánh Ngoại Giao Đoàn', '2021-03-13 06:22:38', 'Dương Xuân Lộc', '2022-02-12 01:18:55', 'Lê Thái Minh '),
('24629593-3d34-32fd-997d-e8c757976496', 'NV5097', 'Nguyễn Việt Hoàng ', '2004-01-11 00:00:00', 1, '0382977047', 'AdaHooks72@gmail.com', 'Hải Dương', '002773737975', '2019-01-01 00:00:07', 'CA Hà Nội', '4e272fc4-7875-78d6-7d32-6a1673ffca7c', 'D008', 'Phòng Bảo vệ', '5ada22d3-3248-6596-6e1a-bb545470e80c', 'P001', 'Vị trí 001', 34368198, '8969984', 'ACB', 'Chi nhánh Ngoại Giao Đoàn', '2021-01-01 00:00:04', 'Dương Xuân Lộc', NULL, 'Lê Ngọc Minh '),
('247986de-4165-651a-9490-67245e8b283e', 'NV8486', 'Nguyễn Minh Trường ', '1995-06-21 00:00:00', 0, '0398502758', 'Ruth.Cosby@gmail.com', 'Hà Nội', '002695816600', '2019-01-01 00:01:02', 'CA Hà Nội', '768f8e64-7d10-20c9-967d-e8c757976496', 'D002', 'Phòng Hội thảo', '11fbda18-5d9f-396c-1299-04b3a3d51ef2', 'P003', 'Vị trí 003', 25007194, '8755957', 'ACB', 'Chi nhánh Ngoại Giao Đoàn', '2021-09-22 06:35:18', 'Dương Xuân Lộc', '2022-01-01 00:14:48', 'Nông Việt Hiếu '),
('2508b8b3-3851-6ae9-86dd-867949feb8b5', 'NV0231', 'Trịnh Văn Cường ', NULL, 1, '0368763802', 'ppgwy9300@gmail.com', 'Hà Nội', '003156506164', NULL, 'CA Hà Nội', '142cb08f-7c31-21fa-8e90-67245e8b283e', 'D007', 'Phòng Lập trình viên', '697be7ba-1738-6adf-298f-4d82f3a13455', 'P002', 'Vị trí 002', NULL, '3670848', 'ACB', 'Chi nhánh Ngoại Giao Đoàn', '2021-01-01 01:38:35', 'Dương Xuân Lộc', '2022-09-13 20:56:15', 'Lê Văn Tuấn '),
('257ea484-501b-1644-7cdd-867949feb8b5', 'NV6027', 'Trịnh Thái Ngọc ', '1996-09-06 00:00:00', 1, '0356709324', 'MarcelinoGalvin118@gmail.com', 'Hà Nội', '003653180855', '2020-11-09 11:53:45', 'CA Hà Nội', '4e272fc4-7875-78d6-7d32-6a1673ffca7c', 'D008', 'Phòng Bảo vệ', '5e6695e2-5aad-3241-6c1a-bb545470e80c', 'P008', 'Vị trí 008', 10801813, '2543672', 'ACB', 'Chi nhánh Ngoại Giao Đoàn', '2021-01-09 20:44:05', 'Dương Xuân Lộc', NULL, 'Võ Việt Trường '),
('258eee01-5e19-7ac4-2ccb-66948daf6128', 'NV6786', 'Nguyễn Minh Cường ', '2002-05-16 00:00:00', 0, '0345695700', 'Hampton@gmail.com', 'Nghệ An', '001915563276', '2019-04-18 20:51:35', 'CA Hà Nội', '768f8e64-7d10-20c9-967d-e8c757976496', 'D002', 'Phòng Hội thảo', '697be7ba-1738-6adf-298f-4d82f3a13455', 'P002', 'Vị trí 002', 18983103, '9468255', 'ACB', 'Chi nhánh Ngoại Giao Đoàn', NULL, 'Dương Xuân Lộc', NULL, NULL),
('25efaa0a-2220-4655-20cb-66948daf6128', 'NV9507', 'Nguyễn Thái Trường ', '1992-01-09 00:00:00', 0, '0364301539', 'Layne19@gmail.com', 'Ninh Bình', '001487901447', '2019-01-01 00:00:10', 'CA Hà Nội', '142cb08f-7c31-21fa-8e90-67245e8b283e', 'D007', 'Phòng Lập trình viên', '5ada22d3-3248-6596-6e1a-bb545470e80c', 'P001', 'Vị trí 001', 21060993, '6632662', 'ACB', 'Chi nhánh Ngoại Giao Đoàn', '2021-01-01 00:06:47', 'Dương Xuân Lộc', NULL, 'Nguyễn Văn Cường '),
('25f87baa-5e0c-4453-1580-e8e2a817c80e', 'NV7076', 'Nguyễn Ngọc Bằng ', '1994-01-11 00:00:00', 0, '0376209709', 'Donald.Gallagher547@misa.com', NULL, '003920174192', '2020-08-12 12:35:31', 'CA Hà Nội', '11452b0c-768e-5ff7-0d63-eeb1d8ed8cef', 'D005', 'Phòng Chủ tịch', '11fbda18-5d9f-396c-1299-04b3a3d51ef2', 'P003', 'Vị trí 003', 36899725, '3326096', 'ACB', 'Chi nhánh Ngoại Giao Đoàn', NULL, 'Dương Xuân Lộc', '2022-08-09 18:51:14', NULL),
('260d7ade-2475-42bd-2163-eeb1d8ed8cef', 'NV0397', 'Mai Ngọc Mạnh ', '2003-11-24 00:00:00', 1, '0386010422', 'KerstinT_Abreu@gmail.com', NULL, '001969932493', '2019-01-01 00:01:25', 'CA Hà Nội', '7686595d-16d5-33b3-0080-e8e2a817c80e', 'D001', 'Phòng Nhân sự', '6d81a322-63f0-7270-6d1a-bb545470e80c', 'P007', 'Vị trí 007', 38717105, '0702422', 'ACB', 'Chi nhánh Ngoại Giao Đoàn', '2021-09-05 07:37:06', 'Dương Xuân Lộc', '2022-08-15 05:57:06', 'Nguyễn Tuấn Thái '),
('276e9765-4c6a-4239-0b80-e8e2a817c80e', 'NV4543', 'Võ Văn Cường ', '1992-03-27 00:00:00', 0, '0355636754', 'CorazonAguirre@gmail.com', 'Ninh Bình', '001794957974', '2020-10-19 07:54:48', 'CA Hà Nội', '17120d02-6ab5-3e43-18cb-66948daf6128', 'D003', 'Phòng Thư ký', '6207a9a7-3bf9-7288-8565-390639088226', 'P006', 'Vị trí 006', 30070369, '5679834', 'ACB', 'Chi nhánh Ngoại Giao Đoàn', '2021-07-04 02:45:08', 'Dương Xuân Lộc', '2022-07-03 21:03:00', 'Nguyễn Thái Cường '),
('27a76ea6-6309-6d6a-0218-7000f455f3d5', 'NV9377', 'Nguyễn Việt Thanh ', '1993-10-04 00:00:00', 2, '0387914707', 'Caballero@misa.com', NULL, '003845523823', '2020-12-30 18:31:08', 'CA Hà Nội', '4577565a-7e3e-493a-74dd-867949feb8b5', 'D006', 'Phòng Tổng giám đốc', '60e226cb-63fb-4363-fc4d-8601bf3d85d8', 'P004', 'Vị trí 004', 14247698, '7457531', 'ACB', 'Chi nhánh Ngoại Giao Đoàn', '2021-01-01 00:01:30', 'Dương Xuân Lộc', '2022-02-04 03:48:13', 'Nguyễn Thái Cường '),
('27e293c1-483b-5599-a090-67245e8b283e', 'NV3957', 'Trịnh Việt Tuấn ', '1992-08-22 00:00:00', 1, '0370487474', 'Portillo739@gmail.com', NULL, '002367937857', '2019-04-29 13:44:01', 'CA Hà Nội', '469b3ece-744a-45d5-957d-e8c757976496', 'D004', 'Phòng Tiếp khách', '76598eb0-20b1-664e-8665-390639088226', 'P005', 'Vị trí 005', 41815626, '6412215', 'ACB', 'Chi nhánh Ngoại Giao Đoàn', '2021-02-19 07:52:16', 'Dương Xuân Lộc', NULL, 'Nguyễn Văn Hương '),
('284ccb05-337b-7e6f-9090-67245e8b283e', 'NV5537', 'Nguyễn Tuấn Cường ', '2003-11-04 00:00:00', 0, '0365145321', 'AdalineBurgess@gmail.com', 'Thái Bình ', '002230712297', '2021-06-27 17:51:15', 'CA Hà Nội', '7686595d-16d5-33b3-0080-e8e2a817c80e', 'D001', 'Phòng Nhân sự', '6207a9a7-3bf9-7288-8565-390639088226', 'P006', 'Vị trí 006', 14621248, '5101236', 'ACB', 'Chi nhánh Ngoại Giao Đoàn', '2021-01-01 00:08:32', 'Dương Xuân Lộc', NULL, 'Nguyễn Tuấn Thuận '),
('28e5fd74-7c2e-6105-26cb-66948daf6128', 'NV8621', 'Hoàng Thái Mạnh ', '1992-02-10 00:00:00', 0, '0359501916', 'Tandra_Goble144@gmail.com', 'Hải Dương', '002088059719', '2021-02-17 12:57:08', 'CA Hà Nội', '17120d02-6ab5-3e43-18cb-66948daf6128', 'D003', 'Phòng Thư ký', '697be7ba-1738-6adf-298f-4d82f3a13455', 'P002', 'Vị trí 002', 11516998, '6109746', 'ACB', 'Chi nhánh Ngoại Giao Đoàn', '2021-08-29 06:19:38', 'Dương Xuân Lộc', NULL, 'Nông Văn Thái '),
('29032303-7c6f-733d-c2db-e5d54223c257', 'NV5240', 'Hoàng Ngọc Tuấn ', '1995-04-11 00:00:00', 0, '0353503560', 'Lizette_Noonan846@gmail.com', 'Sài gòn', '001137729080', NULL, 'CA Hà Nội', '4e272fc4-7875-78d6-7d32-6a1673ffca7c', 'D008', 'Phòng Bảo vệ', '6207a9a7-3bf9-7288-8565-390639088226', 'P006', 'Vị trí 006', NULL, '2463359', 'ACB', 'Chi nhánh Ngoại Giao Đoàn', '2021-08-31 05:08:07', 'Dương Xuân Lộc', '2022-09-15 22:22:18', 'Nguyễn Tuấn Trường '),
('2a2516e8-7ca5-62b3-9132-6a1673ffca7c', 'NV9417', 'Nguyễn Thái Trường ', '2004-09-13 00:00:00', 0, '0364253048', 'wlnhpofw22@gmail.com', NULL, '003345482281', '2019-04-30 23:20:16', 'CA Hà Nội', '142cb08f-7c31-21fa-8e90-67245e8b283e', 'D007', 'Phòng Lập trình viên', '697be7ba-1738-6adf-298f-4d82f3a13455', 'P002', 'Vị trí 002', 40043467, '7812497', 'ACB', 'Chi nhánh Ngoại Giao Đoàn', NULL, 'Dương Xuân Lộc', NULL, NULL),
('2b850d3d-6722-3f01-1bcb-66948daf6128', 'NV8495', 'Nông Việt Mạnh ', '1992-06-30 00:00:00', 2, '0375939013', 'tghadnc1247@misa.com', 'Nghệ An', '002058464852', '2019-06-14 23:51:30', 'CA Hà Nội', '142cb08f-7c31-21fa-8e90-67245e8b283e', 'D007', 'Phòng Lập trình viên', '697be7ba-1738-6adf-298f-4d82f3a13455', 'P002', 'Vị trí 002', 44079057, '5273590', 'ACB', 'Chi nhánh Ngoại Giao Đoàn', '2021-06-07 22:56:47', NULL, NULL, 'Bùi Tuấn Minh '),
('2bbbd485-6df2-536a-7e32-6a1673ffca7c', 'NV3274', 'Nguyễn Việt Thuận ', '1995-03-26 00:00:00', 0, '0377683809', 'SandyArsenault@misa.com', 'Đà nẵng', '002575761946', '2021-01-06 12:02:17', 'CA Hà Nội', '142cb08f-7c31-21fa-8e90-67245e8b283e', 'D007', 'Phòng Lập trình viên', '697be7ba-1738-6adf-298f-4d82f3a13455', 'P002', 'Vị trí 002', 24954701, '2357133', 'ACB', 'Chi nhánh Ngoại Giao Đoàn', '2021-01-01 00:04:54', 'Dương Xuân Lộc', '2022-01-01 00:00:01', 'Nguyễn Tuấn Hương '),
('2bf413d3-7a2c-217a-78dd-867949feb8b5', 'NV8031', 'Trịnh Ngọc Bằng ', '2000-04-09 00:00:00', 2, '0353894371', 'Brownlee@misa.com', 'Ninh Bình', '003648433782', '2019-08-05 15:03:59', 'CA Hà Nội', '11452b0c-768e-5ff7-0d63-eeb1d8ed8cef', 'D005', 'Phòng Chủ tịch', '6207a9a7-3bf9-7288-8565-390639088226', 'P006', 'Vị trí 006', 38643036, '0360695', 'ACB', 'Chi nhánh Ngoại Giao Đoàn', '2021-01-01 00:09:09', 'Dương Xuân Lộc', NULL, 'Võ Thái Thái '),
('2c4d181d-6dbb-4b03-87dd-867949feb8b5', 'NV3108', 'Nguyễn Văn Tuấn ', '1994-10-29 00:00:00', 1, '0363606591', 'Vandyke@gmail.com', NULL, '001955658353', '2019-07-31 16:11:16', 'CA Hà Nội', '142cb08f-7c31-21fa-8e90-67245e8b283e', 'D007', 'Phòng Lập trình viên', '5e6695e2-5aad-3241-6c1a-bb545470e80c', 'P008', 'Vị trí 008', 20393882, '3275001', 'ACB', 'Chi nhánh Ngoại Giao Đoàn', '2021-01-01 00:01:31', 'Dương Xuân Lộc', '2022-05-02 13:34:11', 'Nguyễn Tuấn Mạnh '),
('2c7af5cb-448b-1c53-a57d-e8c757976496', 'NV5726', 'Võ Văn Ngọc ', '1994-04-12 00:00:00', 2, '0366100583', 'AlisiaPickett@gmail.com', NULL, '002552600221', '2019-06-21 05:25:17', 'CA Hà Nội', '7686595d-16d5-33b3-0080-e8e2a817c80e', 'D001', 'Phòng Nhân sự', '6d81a322-63f0-7270-6d1a-bb545470e80c', 'P007', 'Vị trí 007', 38073642, '3769331', 'ACB', 'Chi nhánh Ngoại Giao Đoàn', '2021-02-24 03:14:47', 'Dương Xuân Lộc', NULL, 'Hoàng Thái Ngọc '),
('2d19b0e8-2a06-52dc-a190-67245e8b283e', 'NV4296', 'Nguyễn Việt Hiếu ', '1999-04-13 00:00:00', 0, '0353677594', 'BlairReynolds@misa.com', NULL, '003674166318', '2021-06-10 12:04:18', 'CA Hà Nội', '142cb08f-7c31-21fa-8e90-67245e8b283e', 'D007', 'Phòng Lập trình viên', '697be7ba-1738-6adf-298f-4d82f3a13455', 'P002', 'Vị trí 002', 15156794, '2337317', 'ACB', 'Chi nhánh Ngoại Giao Đoàn', '2021-04-19 23:15:06', 'Dương Xuân Lộc', NULL, 'Võ Việt Anh '),
('2d558039-6f60-6d55-fd17-7000f455f3d5', 'NV2398', 'Nguyễn Tuấn Anh ', '2002-08-11 00:00:00', NULL, NULL, 'ArielP.Waller38@gmail.com', 'Sài gòn', '003714469460', '2019-01-01 00:00:02', 'CA Hà Nội', '11452b0c-768e-5ff7-0d63-eeb1d8ed8cef', 'D005', 'Phòng Chủ tịch', '11fbda18-5d9f-396c-1299-04b3a3d51ef2', 'P003', 'Vị trí 003', 13380223, '7596341', 'ACB', NULL, '2021-01-01 00:00:51', 'Dương Xuân Lộc', NULL, 'Nguyễn Ngọc Thuận '),
('2dcedb9c-6c32-7d27-977d-e8c757976496', 'NV3127', 'Nguyễn Ngọc Anh ', '2004-05-25 00:00:00', 2, '0353194899', 'MelaniBarela767@gmail.com', 'Nghệ An', '003012243656', '2020-05-10 00:08:09', 'CA Hà Nội', '11452b0c-768e-5ff7-0d63-eeb1d8ed8cef', 'D005', 'Phòng Chủ tịch', '11fbda18-5d9f-396c-1299-04b3a3d51ef2', 'P003', 'Vị trí 003', 26217762, '1389880', 'ACB', 'Chi nhánh Ngoại Giao Đoàn', '2021-07-08 00:56:15', 'Dương Xuân Lộc', NULL, 'Mai Minh Trường '),
('2ddcae9d-6ef9-27ba-b17d-e8c757976496', 'NV1768', 'Nguyễn Minh Trường ', '2003-08-19 00:00:00', 2, '0397461986', 'EfrainEnglish@gmail.com', 'Hải Dương', '001202689991', '2019-08-01 13:20:38', 'CA Hà Nội', '142cb08f-7c31-21fa-8e90-67245e8b283e', 'D007', 'Phòng Lập trình viên', '697be7ba-1738-6adf-298f-4d82f3a13455', 'P002', 'Vị trí 002', 15173370, '2596689', 'ACB', 'Chi nhánh Ngoại Giao Đoàn', '2021-02-08 04:42:14', 'Dương Xuân Lộc', NULL, 'Trân Văn Hiếu '),
('2de001fe-529b-33ad-0280-e8e2a817c80e', 'NV7144', 'Nguyễn Văn Hiếu ', '1997-10-26 00:00:00', 1, '0347874875', 'Adelaida_Frederick@misa.com', 'Sài gòn', '003286095319', '2019-10-10 21:41:08', 'CA Hà Nội', '11452b0c-768e-5ff7-0d63-eeb1d8ed8cef', 'D005', 'Phòng Chủ tịch', '697be7ba-1738-6adf-298f-4d82f3a13455', 'P002', 'Vị trí 002', 21423141, '8250502', 'ACB', 'Chi nhánh Ngoại Giao Đoàn', '2021-08-14 18:41:02', 'Dương Xuân Lộc', NULL, 'Nguyễn Tuấn Ngọc '),
('2edefb8c-5cc2-5773-7592-08c864661f9c', 'NV3935', 'Nguyễn Thái Ngọc ', '1994-10-08 00:00:00', 1, '0383705492', 'Ireland@gmail.com', 'Nghệ An', '002338467263', '2019-01-01 00:12:33', 'CA Hà Nội', '469b3ece-744a-45d5-957d-e8c757976496', 'D004', 'Phòng Tiếp khách', '76598eb0-20b1-664e-8665-390639088226', 'P005', 'Vị trí 005', 25947301, '7192227', 'ACB', 'Chi nhánh Ngoại Giao Đoàn', '2021-01-25 05:23:44', 'Dương Xuân Lộc', '2022-01-05 07:53:38', 'Nguyễn Tuấn Tuấn '),
('2f1eb874-4858-7e43-7792-08c864661f9c', 'NV9917', 'Nguyễn Tuấn Thuận ', '1998-03-14 00:00:00', 1, '0375912429', 'Blanco@misa.com', NULL, '002568592009', '2019-10-18 20:57:56', 'CA Hà Nội', '4e272fc4-7875-78d6-7d32-6a1673ffca7c', 'D008', 'Phòng Bảo vệ', '5e6695e2-5aad-3241-6c1a-bb545470e80c', 'P008', 'Vị trí 008', 27542978, '6053280', 'ACB', 'Chi nhánh Ngoại Giao Đoàn', '2021-01-01 00:01:25', 'Dương Xuân Lộc', '2022-01-01 00:01:01', 'Bùi Minh Hoàng '),
('2fb0b105-7808-503a-76dd-867949feb8b5', 'NV4811', 'Bùi Việt Hoàng ', '1995-04-27 00:00:00', 1, '0356674570', 'Rene_Beeler452@misa.com', 'Nghệ An', '001842453228', '2021-08-28 11:49:36', 'CA Hà Nội', '142cb08f-7c31-21fa-8e90-67245e8b283e', 'D007', 'Phòng Lập trình viên', '76598eb0-20b1-664e-8665-390639088226', 'P005', 'Vị trí 005', 19936125, '1288389', 'ACB', 'Chi nhánh Ngoại Giao Đoàn', '2021-01-01 02:03:38', 'Dương Xuân Lộc', '2022-01-01 00:00:03', 'Trịnh Văn Hương '),
('2fc95768-5570-6429-28cb-66948daf6128', 'NV7390', 'Nguyễn Tuấn Ngọc ', '1992-10-01 00:00:00', 1, '0358716264', 'Rodger.Langdon@gmail.com', NULL, '002102289923', '2019-01-01 00:03:55', 'CA Hà Nội', '4e272fc4-7875-78d6-7d32-6a1673ffca7c', 'D008', 'Phòng Bảo vệ', '76598eb0-20b1-664e-8665-390639088226', 'P005', 'Vị trí 005', 43910398, '7993284', 'ACB', 'Chi nhánh Ngoại Giao Đoàn', '2021-07-01 22:42:38', 'Dương Xuân Lộc', '2022-01-01 00:06:57', 'Trân Minh Thuận '),
('2ff059da-69a9-17a4-fc17-7000f455f3d5', 'NV6658', 'Nguyễn Văn Anh ', '1994-11-02 00:00:00', 1, '0383353018', 'Albers@misa.com', NULL, '003873602935', NULL, 'CA Hà Nội', '11452b0c-768e-5ff7-0d63-eeb1d8ed8cef', 'D005', 'Phòng Chủ tịch', '6207a9a7-3bf9-7288-8565-390639088226', 'P006', 'Vị trí 006', NULL, '0422613', 'ACB', 'Chi nhánh Ngoại Giao Đoàn', '2021-01-20 17:46:46', 'Dương Xuân Lộc', '2022-01-11 18:00:38', 'Trịnh Việt Hiếu '),
('3099a6a8-537c-7f11-bddb-e5d54223c257', 'NV1701', 'Nguyễn Văn Anh ', '1995-01-01 00:00:00', 2, '0353798292', 'Bridges@misa.com', 'Nghệ An', '001951517378', '2020-04-12 07:47:27', 'CA Hà Nội', '11452b0c-768e-5ff7-0d63-eeb1d8ed8cef', 'D005', 'Phòng Chủ tịch', '6207a9a7-3bf9-7288-8565-390639088226', 'P006', 'Vị trí 006', 18040818, '9276864', 'ACB', 'Chi nhánh Ngoại Giao Đoàn', '2021-08-07 10:53:28', NULL, '2022-04-08 05:23:09', 'Mai Tuấn Cường '),
('30a41998-6506-7724-0918-7000f455f3d5', 'NV4477', 'Nguyễn  Thị Ngọc', '2003-07-28 00:00:00', 2, '0343699938', 'Noriega@gmail.com', 'Hải Dương', '001243919716', '2020-04-13 20:11:46', 'CA Hà Nội', '142cb08f-7c31-21fa-8e90-67245e8b283e', 'D007', 'Phòng Lập trình viên', '6207a9a7-3bf9-7288-8565-390639088226', 'P006', 'Vị trí 006', 15039130, '8764200', 'ACB', 'Chi nhánh Ngoại Giao Đoàn', '2021-06-27 11:27:09', 'Dương Xuân Lộc', NULL, 'Hoàng Thái Tuấn '),
('30c8ee28-58a3-22f2-5e92-08c864661f9c', 'NV9192', 'Trịnh Thái Mạnh ', '1996-08-28 00:00:00', 0, '0346376930', 'Lattimore878@gmail.com', 'Nghệ An', '002672306146', '2019-10-16 18:11:55', 'CA Hà Nội', '469b3ece-744a-45d5-957d-e8c757976496', 'D004', 'Phòng Tiếp khách', '76598eb0-20b1-664e-8665-390639088226', 'P005', 'Vị trí 005', 36216858, '9435664', 'ACB', 'Chi nhánh Ngoại Giao Đoàn', '2021-06-06 16:46:44', 'Dương Xuân Lộc', '2022-03-08 00:34:30', 'Trân Tuấn Cường '),
('30f30be1-5707-6c05-1a63-eeb1d8ed8cef', 'NV6875', 'Nguyễn Văn Mạnh ', '1994-05-09 00:00:00', 1, '0360356680', 'Grenier633@gmail.com', NULL, '003566076618', NULL, 'CA Hà Nội', '4577565a-7e3e-493a-74dd-867949feb8b5', 'D006', 'Phòng Tổng giám đốc', '6207a9a7-3bf9-7288-8565-390639088226', 'P006', 'Vị trí 006', NULL, '9812155', 'ACB', 'Chi nhánh Ngoại Giao Đoàn', '2021-05-21 12:09:03', 'Dương Xuân Lộc', '2022-01-27 03:38:16', 'Nguyễn  Thị Linh'),
('31584a21-584a-7428-0d80-e8e2a817c80e', 'NV5716', 'Hoàng Ngọc Bằng ', '1995-06-21 00:00:00', 2, '0341938483', 'ThaddeusCastellanos@misa.com', 'Thái Bình ', '003782661569', '2019-09-02 09:04:04', 'CA Hà Nội', '768f8e64-7d10-20c9-967d-e8c757976496', 'D002', 'Phòng Hội thảo', '6d81a322-63f0-7270-6d1a-bb545470e80c', 'P007', 'Vị trí 007', 20466574, '0565065', 'ACB', 'Chi nhánh Ngoại Giao Đoàn', '2021-01-01 00:00:05', 'Dương Xuân Lộc', '2022-03-30 04:39:24', 'Nguyễn Ngọc Cường '),
('317b7b12-2745-4dc6-a590-67245e8b283e', 'NV1095', 'Nguyễn Việt Mạnh ', '1993-11-20 00:00:00', 1, '0355487685', 'Sidney.Workman@gmail.com', 'Hải Dương', '002535821298', '2019-01-01 00:01:16', 'CA Hà Nội', '4577565a-7e3e-493a-74dd-867949feb8b5', 'D006', 'Phòng Tổng giám đốc', '697be7ba-1738-6adf-298f-4d82f3a13455', 'P002', 'Vị trí 002', 47129302, '7693193', 'ACB', 'Chi nhánh Ngoại Giao Đoàn', '2021-02-06 11:00:51', 'Dương Xuân Lộc', '2022-04-22 19:13:06', 'Lê Tuấn Cường '),
('31ef6ac9-28ad-465a-2363-eeb1d8ed8cef', 'NV8822', 'Mai Thái Thái ', '1992-10-20 00:00:00', 0, '0360895570', 'Abrams@misa.com', 'Ninh Bình', '001121910005', '2019-01-01 00:04:28', 'CA Hà Nội', '7686595d-16d5-33b3-0080-e8e2a817c80e', 'D001', 'Phòng Nhân sự', '5ada22d3-3248-6596-6e1a-bb545470e80c', 'P001', 'Vị trí 001', 46147007, '7984269', 'ACB', 'Chi nhánh Ngoại Giao Đoàn', '2021-01-01 00:10:59', 'Dương Xuân Lộc', NULL, 'Hoàng Ngọc Cường '),
('321eabe1-3438-223c-2563-eeb1d8ed8cef', 'NV2404', 'Trân Thái Thuận ', NULL, NULL, NULL, 'Aiken@misa.com', 'Nghệ An', '003252776460', NULL, 'CA Hà Nội', '142cb08f-7c31-21fa-8e90-67245e8b283e', 'D007', 'Phòng Lập trình viên', '6207a9a7-3bf9-7288-8565-390639088226', 'P006', 'Vị trí 006', NULL, '8479377', 'ACB', NULL, NULL, NULL, NULL, NULL),
('3356bf67-1bb3-43aa-9532-6a1673ffca7c', 'NV1466', 'Mai Thái Bằng ', '1996-02-17 00:00:00', NULL, NULL, 'LavonneToth@misa.com', 'Ninh Bình', '003608265744', '2019-01-01 00:00:04', 'CA Hà Nội', '768f8e64-7d10-20c9-967d-e8c757976496', 'D002', 'Phòng Hội thảo', '5ada22d3-3248-6596-6e1a-bb545470e80c', 'P001', 'Vị trí 001', 36838038, '0477744', 'ACB', NULL, '2021-07-11 06:34:41', 'Dương Xuân Lộc', NULL, 'Nguyễn Tuấn Hoàng '),
('336f81b7-417d-7e3a-1363-eeb1d8ed8cef', 'NV9735', 'Nguyễn Tuấn Mạnh ', '1992-02-24 00:00:00', 1, '0344170221', 'MoeH@misa.com', 'Nam Định', '001197721081', '2021-03-25 01:33:16', 'CA Hà Nội', '4577565a-7e3e-493a-74dd-867949feb8b5', 'D006', 'Phòng Tổng giám đốc', '6d81a322-63f0-7270-6d1a-bb545470e80c', 'P007', 'Vị trí 007', 25911233, '5687264', 'ACB', 'Chi nhánh Ngoại Giao Đoàn', '2021-01-27 12:52:29', 'Dương Xuân Lộc', '2022-06-30 11:54:05', 'Nguyễn Minh Tuấn '),
('33851c36-6445-4680-23cb-66948daf6128', 'NV6085', 'Hoàng Văn Trường ', '1998-02-24 00:00:00', 1, '0389369478', 'Hammer@misa.com', NULL, '003899702342', '2019-11-29 17:39:44', 'CA Hà Nội', '4577565a-7e3e-493a-74dd-867949feb8b5', 'D006', 'Phòng Tổng giám đốc', '697be7ba-1738-6adf-298f-4d82f3a13455', 'P002', 'Vị trí 002', 28433400, '9255209', 'ACB', 'Chi nhánh Ngoại Giao Đoàn', '2021-03-01 17:24:16', 'Dương Xuân Lộc', NULL, 'Nguyễn Minh Thuận '),
('34cde64f-62e4-186c-77dd-867949feb8b5', 'NV6909', 'Hoàng Việt Trường ', '2003-12-08 00:00:00', 1, '0342498064', 'Bryson@gmail.com', 'Ninh Bình', '002614086095', '2020-02-19 21:44:53', 'CA Hà Nội', '469b3ece-744a-45d5-957d-e8c757976496', 'D004', 'Phòng Tiếp khách', '6d81a322-63f0-7270-6d1a-bb545470e80c', 'P007', 'Vị trí 007', 15535310, '5811832', 'ACB', 'Chi nhánh Ngoại Giao Đoàn', NULL, 'Dương Xuân Lộc', '2022-01-01 00:00:05', NULL),
('3590dd80-43d2-1325-8732-6a1673ffca7c', 'NV9251', 'Bùi  Thị Hân', '1997-01-07 00:00:00', 0, '0381161072', 'Castaneda5@gmail.com', 'Hà Nội', '003191184453', '2020-03-02 04:54:12', 'CA Hà Nội', '7686595d-16d5-33b3-0080-e8e2a817c80e', 'D001', 'Phòng Nhân sự', '11fbda18-5d9f-396c-1299-04b3a3d51ef2', 'P003', 'Vị trí 003', 31622742, '5932447', 'ACB', 'Chi nhánh Ngoại Giao Đoàn', '2021-05-01 04:58:18', 'Dương Xuân Lộc', NULL, 'Hoàng Tuấn Bằng '),
('3599ef50-13ed-5404-0e63-eeb1d8ed8cef', 'NV4162', 'Nguyễn Tuấn Ngọc ', '1998-01-16 00:00:00', 2, '0374934587', 'Applegate@gmail.com', 'Sài gòn', '002603762414', '2021-09-18 20:48:58', 'CA Hà Nội', '7686595d-16d5-33b3-0080-e8e2a817c80e', 'D001', 'Phòng Nhân sự', '5e6695e2-5aad-3241-6c1a-bb545470e80c', 'P008', 'Vị trí 008', 43666733, '2910395', 'ACB', 'Chi nhánh Ngoại Giao Đoàn', '2021-08-17 08:05:02', 'Dương Xuân Lộc', NULL, 'Hoàng Tuấn Minh '),
('3721d21d-5c1d-1e10-1563-eeb1d8ed8cef', 'NV0858', 'Trịnh Minh Thành ', '1993-11-01 00:00:00', 1, '0390426953', 'Christiana_Battle712@gmail.com', 'Sài gòn', '001213010281', '2019-01-01 00:00:01', 'CA Hà Nội', '469b3ece-744a-45d5-957d-e8c757976496', 'D004', 'Phòng Tiếp khách', '6d81a322-63f0-7270-6d1a-bb545470e80c', 'P007', 'Vị trí 007', 30407681, '8884683', 'ACB', 'Chi nhánh Ngoại Giao Đoàn', '2021-08-31 17:37:01', 'Dương Xuân Lộc', '2022-01-01 00:00:01', 'Bùi Văn Ngọc '),
('37cf0ec7-4909-5dc9-a37d-e8c757976496', 'NV6720', 'Nguyễn Văn Trường ', '1992-01-04 00:00:00', 0, '0375839862', 'Abel@misa.com', 'Ninh Bình', '002838542073', '2021-02-13 18:45:49', 'CA Hà Nội', '142cb08f-7c31-21fa-8e90-67245e8b283e', 'D007', 'Phòng Lập trình viên', '6207a9a7-3bf9-7288-8565-390639088226', 'P006', 'Vị trí 006', 17206538, '8121388', 'ACB', 'Chi nhánh Ngoại Giao Đoàn', '2021-01-01 00:08:22', 'Dương Xuân Lộc', NULL, 'Nguyễn Việt Ngọc '),
('380799e8-2bfa-4f0f-8e32-6a1673ffca7c', 'NV9168', 'Nguyễn Tuấn Anh ', '1995-07-13 00:00:00', 2, '0366299694', 'Alonso_Adame6@gmail.com', NULL, '002125569351', '2021-06-13 09:22:08', 'CA Hà Nội', '17120d02-6ab5-3e43-18cb-66948daf6128', 'D003', 'Phòng Thư ký', '5ada22d3-3248-6596-6e1a-bb545470e80c', 'P001', 'Vị trí 001', 49068893, '3911621', 'ACB', 'Chi nhánh Ngoại Giao Đoàn', '2021-06-07 23:55:29', 'Dương Xuân Lộc', '2022-01-01 00:16:29', 'Trân Việt Thành '),
('3856e8f7-535c-632a-83dd-867949feb8b5', 'NV2379', 'Trân  Thị Loan', '2000-01-31 00:00:00', 0, '0340018520', 'cjzcuwg4@gmail.com', 'Đà nẵng', '003883727327', '2019-03-31 20:50:56', 'CA Hà Nội', '142cb08f-7c31-21fa-8e90-67245e8b283e', 'D007', 'Phòng Lập trình viên', '697be7ba-1738-6adf-298f-4d82f3a13455', 'P002', 'Vị trí 002', 13949485, '0930015', 'ACB', 'Chi nhánh Ngoại Giao Đoàn', '2021-07-05 22:02:57', 'Dương Xuân Lộc', '2022-07-13 07:04:15', 'Mai Việt Bằng '),
('38ab3212-448a-218b-b07d-e8c757976496', 'NV0097', 'Nguyễn Việt Thanh ', '2004-03-16 00:00:00', 1, '0380849476', 'GerdaCrockett@gmail.com', NULL, '002249691334', '2019-01-01 02:06:23', 'CA Hà Nội', '11452b0c-768e-5ff7-0d63-eeb1d8ed8cef', 'D005', 'Phòng Chủ tịch', '11fbda18-5d9f-396c-1299-04b3a3d51ef2', 'P003', 'Vị trí 003', 41383533, '8471352', 'ACB', 'Chi nhánh Ngoại Giao Đoàn', '2021-09-30 18:55:21', NULL, NULL, 'Lê Minh Tuấn '),
('38b1d642-47b7-7c97-6692-08c864661f9c', 'NV6647', 'Hoàng Thái Minh ', '1995-08-07 00:00:00', 0, '0352552833', 'Abel@gmail.com', NULL, '003251853406', '2019-03-04 17:04:11', 'CA Hà Nội', '17120d02-6ab5-3e43-18cb-66948daf6128', 'D003', 'Phòng Thư ký', '6d81a322-63f0-7270-6d1a-bb545470e80c', 'P007', 'Vị trí 007', 26493301, '1865366', 'ACB', 'Chi nhánh Ngoại Giao Đoàn', '2021-07-02 02:09:34', 'Dương Xuân Lộc', '2022-09-06 22:59:07', 'Trịnh Minh Tuấn '),
('38e51bbf-2430-3732-1b63-eeb1d8ed8cef', 'NV0637', 'Nông Thái Thuận ', '1997-06-13 00:00:00', 2, '0360980129', 'William58@misa.com', 'Sài gòn', '002547832386', '2019-01-01 00:14:20', 'CA Hà Nội', '469b3ece-744a-45d5-957d-e8c757976496', 'D004', 'Phòng Tiếp khách', '11fbda18-5d9f-396c-1299-04b3a3d51ef2', 'P003', 'Vị trí 003', 17484446, '8769499', 'ACB', 'Chi nhánh Ngoại Giao Đoàn', NULL, 'Dương Xuân Lộc', NULL, NULL),
('392fb6ca-399e-2320-7192-08c864661f9c', 'NV8571', 'Nguyễn Văn Trường ', '1993-05-12 00:00:00', 2, '0350716664', 'AdellChappell@gmail.com', 'Sài gòn', '002727228026', '2021-03-11 08:38:27', 'CA Hà Nội', '4e272fc4-7875-78d6-7d32-6a1673ffca7c', 'D008', 'Phòng Bảo vệ', '11fbda18-5d9f-396c-1299-04b3a3d51ef2', 'P003', 'Vị trí 003', 16106079, '2266105', 'ACB', 'Chi nhánh Ngoại Giao Đoàn', '2021-01-01 00:14:09', 'Dương Xuân Lộc', '2022-01-01 00:01:23', 'Mai Việt Mạnh '),
('3965bd1a-2544-467d-80dd-867949feb8b5', 'NV3404', 'Nguyễn  Thị Ngọc', '2000-07-24 00:00:00', 1, '0392251774', 'Marnie_N.Almeida934@gmail.com', 'Sài gòn', '003414022625', '2020-03-31 16:28:50', 'CA Hà Nội', '469b3ece-744a-45d5-957d-e8c757976496', 'D004', 'Phòng Tiếp khách', '60e226cb-63fb-4363-fc4d-8601bf3d85d8', 'P004', 'Vị trí 004', 17091657, '6428110', 'ACB', 'Chi nhánh Ngoại Giao Đoàn', '2021-08-01 18:42:25', 'Dương Xuân Lộc', '2022-03-14 14:50:29', 'Lê Thái Ngọc '),
('3ab17eb8-4928-4275-8332-6a1673ffca7c', 'NV0048', 'Nguyễn  Thị Diễm', '1997-04-10 00:00:00', 2, '0341032536', 'Bonner894@gmail.com', 'Thái Bình ', '003612887819', '2019-05-17 20:33:33', 'CA Hà Nội', '768f8e64-7d10-20c9-967d-e8c757976496', 'D002', 'Phòng Hội thảo', '6d81a322-63f0-7270-6d1a-bb545470e80c', 'P007', 'Vị trí 007', 46534727, '8460451', 'ACB', 'Chi nhánh Ngoại Giao Đoàn', '2021-01-01 00:16:16', 'Dương Xuân Lộc', NULL, 'Trịnh Ngọc Minh '),
('3abc4ce5-462f-5db9-9e7d-e8c757976496', 'NV9013', 'Lê  Thị Loan', '2002-09-06 00:00:00', NULL, NULL, 'Shawnta.Shipley474@gmail.com', NULL, '003387491762', '2019-09-23 09:18:02', 'CA Hà Nội', '11452b0c-768e-5ff7-0d63-eeb1d8ed8cef', 'D005', 'Phòng Chủ tịch', '11fbda18-5d9f-396c-1299-04b3a3d51ef2', 'P003', 'Vị trí 003', 37894528, '8618024', 'ACB', NULL, '2021-01-01 00:35:58', 'Dương Xuân Lộc', NULL, 'Võ Ngọc Trường '),
('3b124502-59d0-39ec-1c80-e8e2a817c80e', 'NV2205', 'Nguyễn Thái Thuận ', '1993-01-07 00:00:00', 0, '0364737612', 'jwhn99@gmail.com', 'Sài gòn', '003458803782', '2019-01-01 01:38:10', 'CA Hà Nội', '4e272fc4-7875-78d6-7d32-6a1673ffca7c', 'D008', 'Phòng Bảo vệ', '697be7ba-1738-6adf-298f-4d82f3a13455', 'P002', 'Vị trí 002', 24004429, '1469670', 'ACB', 'Chi nhánh Ngoại Giao Đoàn', '2021-01-01 00:00:05', 'Dương Xuân Lộc', '2022-01-05 09:13:17', 'Mai Việt Thanh '),
('3b4d46a3-7a40-30a2-fe17-7000f455f3d5', 'NV9956', 'Nông Minh Mạnh ', '1999-02-05 00:00:00', 2, '0368751999', 'Alonzo.Satterfield29@gmail.com', 'Hà Nội', '001550589897', '2019-01-01 00:01:31', 'CA Hà Nội', '768f8e64-7d10-20c9-967d-e8c757976496', 'D002', 'Phòng Hội thảo', '11fbda18-5d9f-396c-1299-04b3a3d51ef2', 'P003', 'Vị trí 003', 49894938, '9541889', 'ACB', 'Chi nhánh Ngoại Giao Đoàn', '2021-03-14 13:36:16', 'Dương Xuân Lộc', NULL, 'Trân Tuấn Tuấn '),
('3b4d9771-50bf-531e-a790-67245e8b283e', 'NV8758', 'Võ Tuấn Ngọc ', '1992-01-06 00:00:00', 1, '0366591829', 'Burley726@gmail.com', 'Nam Định', '003303750668', NULL, 'CA Hà Nội', '17120d02-6ab5-3e43-18cb-66948daf6128', 'D003', 'Phòng Thư ký', '60e226cb-63fb-4363-fc4d-8601bf3d85d8', 'P004', 'Vị trí 004', NULL, '2252677', 'ACB', 'Chi nhánh Ngoại Giao Đoàn', '2021-01-03 10:49:09', 'Dương Xuân Lộc', '2022-01-01 00:01:37', 'Nguyễn Việt Hiếu '),
('3b58cf74-16ac-69f6-aa7d-e8c757976496', 'NV9684', 'Trịnh Minh Mạnh ', '2002-05-10 00:00:00', 2, '0380856814', 'Andrew167@gmail.com', 'Hải Dương', '001759304718', '2019-01-01 00:58:21', 'CA Hà Nội', '17120d02-6ab5-3e43-18cb-66948daf6128', 'D003', 'Phòng Thư ký', '5ada22d3-3248-6596-6e1a-bb545470e80c', 'P001', 'Vị trí 001', 48911118, '9423382', 'ACB', 'Chi nhánh Ngoại Giao Đoàn', '2021-03-07 11:58:10', 'Dương Xuân Lộc', '2022-08-31 12:02:46', 'Nguyễn Tuấn Thanh '),
('3b5d684a-441d-1a95-0b18-7000f455f3d5', 'NV7208', 'Nguyễn Thái Ngọc ', '1992-01-08 00:00:00', 1, '0341550235', 'Dickens3@gmail.com', NULL, '002237288949', '2019-01-01 00:25:09', 'CA Hà Nội', '469b3ece-744a-45d5-957d-e8c757976496', 'D004', 'Phòng Tiếp khách', '6207a9a7-3bf9-7288-8565-390639088226', 'P006', 'Vị trí 006', 45423340, '2093827', 'ACB', 'Chi nhánh Ngoại Giao Đoàn', '2021-06-12 02:40:07', 'Dương Xuân Lộc', NULL, 'Nguyễn Tuấn Mạnh '),
('3c19bf05-3077-4b76-27cb-66948daf6128', 'NV9625', 'Nguyễn Minh Mạnh ', '1998-02-26 00:00:00', 0, '0346845906', 'nbkcnjmu6660@gmail.com', 'Ninh Bình', '002307777688', '2019-02-12 06:16:49', 'CA Hà Nội', '142cb08f-7c31-21fa-8e90-67245e8b283e', 'D007', 'Phòng Lập trình viên', '697be7ba-1738-6adf-298f-4d82f3a13455', 'P002', 'Vị trí 002', 22712216, '2026705', 'ACB', 'Chi nhánh Ngoại Giao Đoàn', NULL, 'Dương Xuân Lộc', NULL, NULL),
('3ce59559-28e3-40e4-1463-eeb1d8ed8cef', 'NV0455', 'Nguyễn Thái Tuấn ', '1997-11-15 00:00:00', 1, '0372314967', 'Donahue@gmail.com', 'Nam Định', '002582382464', '2019-07-22 21:02:08', 'CA Hà Nội', '4577565a-7e3e-493a-74dd-867949feb8b5', 'D006', 'Phòng Tổng giám đốc', '6d81a322-63f0-7270-6d1a-bb545470e80c', 'P007', 'Vị trí 007', 30982267, '4241014', 'ACB', 'Chi nhánh Ngoại Giao Đoàn', NULL, 'Dương Xuân Lộc', NULL, NULL),
('3d41da80-337f-7b3c-34cb-66948daf6128', 'NV8065', 'Mai Thái Thanh ', '1995-05-17 00:00:00', 2, '0398382405', 'Marion3@misa.com', 'Nghệ An', '002249232352', '2019-01-01 02:13:47', 'CA Hà Nội', '17120d02-6ab5-3e43-18cb-66948daf6128', 'D003', 'Phòng Thư ký', '6207a9a7-3bf9-7288-8565-390639088226', 'P006', 'Vị trí 006', 33038145, '2852670', 'ACB', 'Chi nhánh Ngoại Giao Đoàn', '2021-09-23 02:37:40', 'Dương Xuân Lộc', NULL, 'Trân Tuấn Thanh '),
('3d705f94-6a1a-64a3-7692-08c864661f9c', 'NV0329', 'Nguyễn Minh Mạnh ', '2000-08-24 00:00:00', 1, '0365773486', 'Dwight_Cambell297@gmail.com', 'Thái Bình ', '001479959417', '2020-07-03 14:39:16', 'CA Hà Nội', '4577565a-7e3e-493a-74dd-867949feb8b5', 'D006', 'Phòng Tổng giám đốc', '5ada22d3-3248-6596-6e1a-bb545470e80c', 'P001', 'Vị trí 001', 31643793, '6448338', 'ACB', 'Chi nhánh Ngoại Giao Đoàn', '2021-04-17 21:17:31', 'Dương Xuân Lộc', '2022-02-20 09:30:13', 'Bùi Thái Cường '),
('3d780ac8-3fb5-5c89-8932-6a1673ffca7c', 'NV6467', 'Nguyễn Tuấn Tuấn ', '2004-06-12 00:00:00', 2, '0359363262', 'Whitehurst535@gmail.com', NULL, '002836929897', '2019-01-01 00:00:18', 'CA Hà Nội', '4577565a-7e3e-493a-74dd-867949feb8b5', 'D006', 'Phòng Tổng giám đốc', '5e6695e2-5aad-3241-6c1a-bb545470e80c', 'P008', 'Vị trí 008', 14650601, '4024864', 'ACB', 'Chi nhánh Ngoại Giao Đoàn', '2021-02-07 18:39:22', 'Dương Xuân Lộc', '2022-01-15 12:03:00', 'Hoàng Việt Cường '),
('3ef08d53-5bf3-1e97-9790-67245e8b283e', 'NV5245', 'Nguyễn Minh Thuận ', '2000-03-25 00:00:00', 1, '0347956162', 'Albert@gmail.com', NULL, '003726858822', '2019-01-01 00:01:29', 'CA Hà Nội', '7686595d-16d5-33b3-0080-e8e2a817c80e', 'D001', 'Phòng Nhân sự', '5ada22d3-3248-6596-6e1a-bb545470e80c', 'P001', 'Vị trí 001', 31514086, '9940513', 'ACB', 'Chi nhánh Ngoại Giao Đoàn', '2021-07-04 08:17:13', 'Dương Xuân Lộc', NULL, 'Nguyễn Ngọc Ngọc '),
('3f66f2d6-688b-4161-5f92-08c864661f9c', 'NV8742', 'Hoàng Ngọc Cường ', '1998-08-20 00:00:00', 1, '0354932453', 'Venus.Mcdonnell2@misa.com', 'Nghệ An', '003678554648', '2019-01-01 00:00:12', 'CA Hà Nội', '11452b0c-768e-5ff7-0d63-eeb1d8ed8cef', 'D005', 'Phòng Chủ tịch', '6d81a322-63f0-7270-6d1a-bb545470e80c', 'P007', 'Vị trí 007', 35730929, '2217849', 'ACB', 'Chi nhánh Ngoại Giao Đoàn', '2021-06-01 07:26:20', 'Dương Xuân Lộc', NULL, 'Nguyễn  Thị Loan'),
('3f851737-2976-4bc0-22cb-66948daf6128', 'NV9987', 'Hoàng Thái Hoàng ', '1993-05-11 00:00:00', 0, '0371304439', 'ShawnaAckerman@gmail.com', 'Hà Nội', '003214573034', '2019-01-01 00:00:55', 'CA Hà Nội', '768f8e64-7d10-20c9-967d-e8c757976496', 'D002', 'Phòng Hội thảo', '6d81a322-63f0-7270-6d1a-bb545470e80c', 'P007', 'Vị trí 007', 13054090, '8986941', 'ACB', 'Chi nhánh Ngoại Giao Đoàn', '2021-02-04 15:14:53', 'Dương Xuân Lộc', NULL, 'Hoàng Thái Minh '),
('3fcda397-772d-53a4-25cb-66948daf6128', 'NV5341', 'Lê Việt Thái ', '1993-01-06 00:00:00', 2, '0357991771', 'Geraldine_Andres@gmail.com', 'Hải Dương', '002510453618', '2019-01-01 00:00:05', 'CA Hà Nội', '11452b0c-768e-5ff7-0d63-eeb1d8ed8cef', 'D005', 'Phòng Chủ tịch', '697be7ba-1738-6adf-298f-4d82f3a13455', 'P002', 'Vị trí 002', 16201385, '7851580', 'ACB', 'Chi nhánh Ngoại Giao Đoàn', '2021-01-01 01:46:50', 'Dương Xuân Lộc', NULL, 'Nguyễn Thái Trường '),
('40036f5e-657f-2c3d-9f7d-e8c757976496', 'NV8086', 'Võ Thái Thuận ', '1996-07-28 00:00:00', 0, '0341234552', 'muyeu0798@misa.com', 'Đà nẵng', '002196662286', '2021-07-18 10:28:47', 'CA Hà Nội', '469b3ece-744a-45d5-957d-e8c757976496', 'D004', 'Phòng Tiếp khách', '5e6695e2-5aad-3241-6c1a-bb545470e80c', 'P008', 'Vị trí 008', 45182587, '5557987', 'ACB', 'Chi nhánh Ngoại Giao Đoàn', NULL, 'Dương Xuân Lộc', NULL, NULL),
('404fe340-1fd3-414b-aadb-e5d54223c257', 'NV7952', 'Bùi Việt Thanh ', '1998-07-17 00:00:00', 2, '0384775520', 'Eugenia.Acker@misa.com', 'Đà nẵng', '001552155382', '2019-01-01 01:00:32', 'CA Hà Nội', '7686595d-16d5-33b3-0080-e8e2a817c80e', 'D001', 'Phòng Nhân sự', '5ada22d3-3248-6596-6e1a-bb545470e80c', 'P001', 'Vị trí 001', 11741473, '6534145', 'ACB', 'Chi nhánh Ngoại Giao Đoàn', '2021-07-24 14:08:30', NULL, '2022-08-08 05:55:27', 'Nguyễn Thái Thành '),
('4103f42d-1ebd-52dd-0f80-e8e2a817c80e', 'NV8964', 'Nguyễn Thái Mạnh ', '1994-02-22 00:00:00', 2, '0394218612', 'Marquetta.Andrus41@gmail.com', 'Nam Định', '002110732538', '2021-10-01 15:15:19', 'CA Hà Nội', '469b3ece-744a-45d5-957d-e8c757976496', 'D004', 'Phòng Tiếp khách', '6207a9a7-3bf9-7288-8565-390639088226', 'P006', 'Vị trí 006', 15249224, '8333134', 'ACB', 'Chi nhánh Ngoại Giao Đoàn', '2021-01-01 00:00:07', 'Dương Xuân Lộc', NULL, 'Nguyễn Văn Thuận '),
('4188bc78-6e7e-2c0a-7fdd-867949feb8b5', 'NV8681', 'Hoàng Văn Hương ', '1993-04-25 00:00:00', 1, '0385252267', 'gben16@gmail.com', 'Sài gòn', '002542814690', '2019-02-07 20:52:12', 'CA Hà Nội', '469b3ece-744a-45d5-957d-e8c757976496', 'D004', 'Phòng Tiếp khách', '60e226cb-63fb-4363-fc4d-8601bf3d85d8', 'P004', 'Vị trí 004', 37756254, '7625679', 'ACB', 'Chi nhánh Ngoại Giao Đoàn', '2021-08-22 08:10:15', 'Dương Xuân Lộc', NULL, 'Bùi Minh Trường '),
('41d258e3-4445-57ff-ac7d-e8c757976496', 'NV9670', 'Nguyễn  Thị Linh', '1998-01-05 00:00:00', 2, '0369514486', 'Stephan.Odell5@misa.com', 'Hải Dương', '003480350683', '2019-07-05 07:43:23', 'CA Hà Nội', '142cb08f-7c31-21fa-8e90-67245e8b283e', 'D007', 'Phòng Lập trình viên', '5ada22d3-3248-6596-6e1a-bb545470e80c', 'P001', 'Vị trí 001', 42175903, '2431184', 'ACB', 'Chi nhánh Ngoại Giao Đoàn', '2021-01-01 00:14:11', 'Dương Xuân Lộc', '2022-09-19 07:57:20', 'Nguyễn  Thị Giang'),
('4213347c-7d41-76e6-9d90-67245e8b283e', 'NV8176', 'Hoàng Ngọc Ngọc ', '1992-01-09 00:00:00', 2, '0341865468', 'ryzdlv087@gmail.com', 'Sài gòn', '002368323538', '2020-10-06 00:00:29', 'CA Hà Nội', '4e272fc4-7875-78d6-7d32-6a1673ffca7c', 'D008', 'Phòng Bảo vệ', '60e226cb-63fb-4363-fc4d-8601bf3d85d8', 'P004', 'Vị trí 004', 30623542, '3415730', 'ACB', 'Chi nhánh Ngoại Giao Đoàn', '2021-01-24 23:21:56', 'Dương Xuân Lộc', '2022-01-01 00:09:31', 'Nguyễn Tuấn Minh '),
('4296b118-76aa-3241-7edd-867949feb8b5', 'NV6405', 'Nông Văn Thuận ', '1992-01-04 00:00:00', 2, '0346080122', 'Allman9@gmail.com', NULL, '001343337032', '2019-05-27 09:15:47', 'CA Hà Nội', '768f8e64-7d10-20c9-967d-e8c757976496', 'D002', 'Phòng Hội thảo', '6207a9a7-3bf9-7288-8565-390639088226', 'P006', 'Vị trí 006', 24657478, '7344607', 'ACB', 'Chi nhánh Ngoại Giao Đoàn', '2021-01-21 10:05:33', 'Dương Xuân Lộc', '2022-03-24 09:23:11', 'Nguyễn Việt Hiếu '),
('438fec4c-2dad-30d7-a07d-e8c757976496', 'NV2182', 'Nguyễn Tuấn Trường ', '1992-04-02 00:00:00', 2, '0361599997', 'Abrams@gmail.com', NULL, '002293003751', NULL, 'CA Hà Nội', '142cb08f-7c31-21fa-8e90-67245e8b283e', 'D007', 'Phòng Lập trình viên', '60e226cb-63fb-4363-fc4d-8601bf3d85d8', 'P004', 'Vị trí 004', NULL, '7138868', 'ACB', 'Chi nhánh Ngoại Giao Đoàn', '2021-05-06 22:52:06', 'Dương Xuân Lộc', NULL, 'Nguyễn  Thị Linh'),
('4394858a-6963-5fd2-1d63-eeb1d8ed8cef', 'NV1489', 'Nông Tuấn Trường ', '1994-03-15 00:00:00', 2, '0353621432', 'Krishna.HConnolly5@gmail.com', 'Sài gòn', '003460254859', '2019-01-01 00:00:36', 'CA Hà Nội', '4e272fc4-7875-78d6-7d32-6a1673ffca7c', 'D008', 'Phòng Bảo vệ', '76598eb0-20b1-664e-8665-390639088226', 'P005', 'Vị trí 005', 17403527, '4140169', 'ACB', 'Chi nhánh Ngoại Giao Đoàn', '2021-04-25 03:18:44', 'Dương Xuân Lộc', '2022-01-30 15:00:05', 'Nông Văn Hoàng '),
('439cdac8-4380-1e2d-0f63-eeb1d8ed8cef', 'NV7897', 'Lê Việt Tuấn ', '1994-04-27 00:00:00', 0, '0369137142', 'Foote@gmail.com', 'Thái Bình ', '002078778302', '2019-03-31 22:50:43', 'CA Hà Nội', '17120d02-6ab5-3e43-18cb-66948daf6128', 'D003', 'Phòng Thư ký', '5ada22d3-3248-6596-6e1a-bb545470e80c', 'P001', 'Vị trí 001', 17107826, '2881325', 'ACB', 'Chi nhánh Ngoại Giao Đoàn', '2021-04-04 08:17:32', 'Dương Xuân Lộc', NULL, 'Trân Ngọc Thuận '),
('43dc601f-415f-5b76-1b80-e8e2a817c80e', 'NV4153', 'Trịnh Tuấn Minh ', '1992-01-06 00:00:00', 1, '0361221119', 'Alda_Salgado@gmail.com', 'Ninh Bình', '001068431648', '2019-01-01 00:00:04', 'CA Hà Nội', '768f8e64-7d10-20c9-967d-e8c757976496', 'D002', 'Phòng Hội thảo', '11fbda18-5d9f-396c-1299-04b3a3d51ef2', 'P003', 'Vị trí 003', 27611259, '4803794', 'ACB', 'Chi nhánh Ngoại Giao Đoàn', '2021-09-11 01:02:48', 'Dương Xuân Lộc', '2022-05-19 17:40:58', 'Trân Ngọc Thanh '),
('4448a185-202a-56da-8632-6a1673ffca7c', 'NV9150', 'Nông Tuấn Tuấn ', '2001-09-13 00:00:00', 2, '0371197022', 'Adam.Mcnulty5@misa.com', 'Sài gòn', '001143170551', '2019-01-01 00:00:10', 'CA Hà Nội', '4577565a-7e3e-493a-74dd-867949feb8b5', 'D006', 'Phòng Tổng giám đốc', '6d81a322-63f0-7270-6d1a-bb545470e80c', 'P007', 'Vị trí 007', 10319593, '1448461', 'ACB', 'Chi nhánh Ngoại Giao Đoàn', '2021-08-03 15:12:08', 'Dương Xuân Lộc', '2022-08-15 02:49:54', 'Nguyễn Ngọc Tuấn '),
('4475aae5-5c21-3d98-2463-eeb1d8ed8cef', 'NV6756', 'Lê Minh Trường ', '1994-03-15 00:00:00', 1, '0397084397', 'zbqeudeu_fsda@gmail.com', 'Nghệ An', '002223578564', '2019-01-01 00:13:48', 'CA Hà Nội', '469b3ece-744a-45d5-957d-e8c757976496', 'D004', 'Phòng Tiếp khách', '60e226cb-63fb-4363-fc4d-8601bf3d85d8', 'P004', 'Vị trí 004', 45805188, '0504627', 'ACB', 'Chi nhánh Ngoại Giao Đoàn', '2021-06-01 17:55:59', 'Dương Xuân Lộc', NULL, 'Hoàng Ngọc Tuấn '),
('453b5c4b-7d14-117d-0418-7000f455f3d5', 'NV4561', 'Nguyễn Thái Minh ', '2000-11-14 00:00:00', NULL, NULL, 'Magen.Birch@misa.com', 'Nghệ An', '003975679951', '2020-12-02 06:20:51', 'CA Hà Nội', '4e272fc4-7875-78d6-7d32-6a1673ffca7c', 'D008', 'Phòng Bảo vệ', '11fbda18-5d9f-396c-1299-04b3a3d51ef2', 'P003', 'Vị trí 003', 15150949, '7210337', 'ACB', NULL, NULL, 'Dương Xuân Lộc', NULL, NULL),
('45536100-7fba-5a99-24cb-66948daf6128', 'NV1167', 'Nguyễn Tuấn Cường ', '1998-11-01 00:00:00', 1, '0385994076', 'Carlos27@gmail.com', 'Nghệ An', '001954683354', '2019-01-01 00:00:48', 'CA Hà Nội', '768f8e64-7d10-20c9-967d-e8c757976496', 'D002', 'Phòng Hội thảo', '5e6695e2-5aad-3241-6c1a-bb545470e80c', 'P008', 'Vị trí 008', 29237317, '7277509', 'ACB', 'Chi nhánh Ngoại Giao Đoàn', '2021-01-04 02:55:32', 'Dương Xuân Lộc', '2022-04-08 10:33:09', 'Nguyễn Tuấn Trường '),
('4577565a-7e3e-493a-74dd-867949feb8b5', 'NV0164', 'Nguyễn Văn Cường ', '1997-05-31 00:00:00', 1, '0341744212', 'AshleyBaylor@gmail.com', 'Thái Bình ', '002052284692', '2019-01-04 20:58:14', 'CA Hà Nội', '11452b0c-768e-5ff7-0d63-eeb1d8ed8cef', 'D005', 'Phòng Chủ tịch', '697be7ba-1738-6adf-298f-4d82f3a13455', 'P002', 'Vị trí 002', 39118211, '2160839', 'ACB', 'Chi nhánh Ngoại Giao Đoàn', '2021-01-13 03:25:47', 'Dương Xuân Lộc', NULL, 'Nguyễn Thái Thành '),
('45a563b4-28b0-60dc-bbdb-e5d54223c257', 'NV7456', 'Nguyễn Tuấn Cường ', '1996-08-13 00:00:00', 0, '0360635856', 'Delagarza@gmail.com', 'Hải Dương', '003243531867', '2019-01-01 00:45:33', 'CA Hà Nội', '768f8e64-7d10-20c9-967d-e8c757976496', 'D002', 'Phòng Hội thảo', '6d81a322-63f0-7270-6d1a-bb545470e80c', 'P007', 'Vị trí 007', 25060285, '1475791', 'ACB', 'Chi nhánh Ngoại Giao Đoàn', '2021-09-13 21:55:51', 'Dương Xuân Lộc', NULL, 'Lê Việt Hoàng '),
('46377235-7295-534b-a390-67245e8b283e', 'NV8482', 'Mai Việt Cường ', '1999-12-26 00:00:00', 0, '0350035069', 'Oliveira@gmail.com', NULL, '003194863591', '2019-05-02 21:25:40', 'CA Hà Nội', '17120d02-6ab5-3e43-18cb-66948daf6128', 'D003', 'Phòng Thư ký', '5e6695e2-5aad-3241-6c1a-bb545470e80c', 'P008', 'Vị trí 008', 27950064, '3613000', 'ACB', 'Chi nhánh Ngoại Giao Đoàn', NULL, 'Dương Xuân Lộc', NULL, NULL),
('469b3ece-744a-45d5-957d-e8c757976496', 'NV4850', 'Bùi Ngọc Mạnh ', NULL, 0, '0399361485', 'AbramIsbell@misa.com', 'Hải Dương', '001390338697', NULL, 'CA Hà Nội', '469b3ece-744a-45d5-957d-e8c757976496', 'D004', 'Phòng Tiếp khách', '5e6695e2-5aad-3241-6c1a-bb545470e80c', 'P008', 'Vị trí 008', NULL, '8472324', 'ACB', 'Chi nhánh Ngoại Giao Đoàn', '2021-06-03 08:44:13', 'Dương Xuân Lộc', '2022-01-01 00:00:07', 'Nguyễn Ngọc Cường '),
('46f514e3-3598-177c-6192-08c864661f9c', 'NV2248', 'Trân Việt Thái ', '1992-01-17 00:00:00', 1, '0372923572', 'ShanelGaffney32@gmail.com', NULL, '003352495426', '2021-06-02 09:18:50', 'CA Hà Nội', '17120d02-6ab5-3e43-18cb-66948daf6128', 'D003', 'Phòng Thư ký', '6d81a322-63f0-7270-6d1a-bb545470e80c', 'P007', 'Vị trí 007', 42968159, '9110783', 'ACB', 'Chi nhánh Ngoại Giao Đoàn', '2021-09-17 17:54:53', 'Dương Xuân Lộc', NULL, 'Võ Minh Hoàng '),
('46f879ea-405a-49ab-92dd-867949feb8b5', 'NV5370', 'Nguyễn Ngọc Thuận ', '2001-01-05 00:00:00', 2, '0375259278', 'Boyd_Ackerman@gmail.com', 'Sài gòn', '002374869596', '2021-03-11 02:06:37', 'CA Hà Nội', '142cb08f-7c31-21fa-8e90-67245e8b283e', 'D007', 'Phòng Lập trình viên', '6207a9a7-3bf9-7288-8565-390639088226', 'P006', 'Vị trí 006', 14276832, '1061209', 'ACB', 'Chi nhánh Ngoại Giao Đoàn', NULL, 'Dương Xuân Lộc', NULL, NULL),
('4729a19e-5a81-6e74-6a92-08c864661f9c', 'NV6609', 'Lê Minh Thanh ', '1998-03-20 00:00:00', 1, '0362243782', 'Franklin_Sturgill@misa.com', 'Nghệ An', '001840797069', '2021-07-22 23:59:00', 'CA Hà Nội', '11452b0c-768e-5ff7-0d63-eeb1d8ed8cef', 'D005', 'Phòng Chủ tịch', '6d81a322-63f0-7270-6d1a-bb545470e80c', 'P007', 'Vị trí 007', 35999554, '8224837', 'ACB', 'Chi nhánh Ngoại Giao Đoàn', '2021-07-13 15:16:55', 'Dương Xuân Lộc', NULL, 'Trân Văn Thành '),
('47405a55-5845-562c-7ddd-867949feb8b5', 'NV4179', 'Võ Tuấn Ngọc ', '1997-01-25 00:00:00', 0, '0362737449', 'DarrenColson@gmail.com', NULL, '001239094950', '2021-07-15 21:37:58', 'CA Hà Nội', '768f8e64-7d10-20c9-967d-e8c757976496', 'D002', 'Phòng Hội thảo', '60e226cb-63fb-4363-fc4d-8601bf3d85d8', 'P004', 'Vị trí 004', 38692343, '9512435', 'ACB', 'Chi nhánh Ngoại Giao Đoàn', '2021-05-06 08:04:30', 'Dương Xuân Lộc', '2022-01-01 00:05:05', 'Nguyễn Tuấn Tuấn '),
('4760d71f-6e2f-5b32-19cb-66948daf6128', 'NV2732', 'Nguyễn Tuấn Anh ', '1998-11-15 00:00:00', 2, '0350656032', 'Clawson64@gmail.com', 'Nghệ An', '001855853732', '2021-01-08 16:14:45', 'CA Hà Nội', '768f8e64-7d10-20c9-967d-e8c757976496', 'D002', 'Phòng Hội thảo', '60e226cb-63fb-4363-fc4d-8601bf3d85d8', 'P004', 'Vị trí 004', 11765945, '3892817', 'ACB', 'Chi nhánh Ngoại Giao Đoàn', '2021-04-25 21:54:22', 'Dương Xuân Lộc', '2022-08-01 11:38:01', 'Mai  Thị Hường'),
('47ac4f77-1c38-6b23-bcdb-e5d54223c257', 'NV2092', 'Nguyễn Minh Cường ', '2003-08-10 00:00:00', 0, '0389634568', 'JeraldAkers@gmail.com', 'Đà nẵng', '001722564318', '2019-01-01 00:00:04', 'CA Hà Nội', '11452b0c-768e-5ff7-0d63-eeb1d8ed8cef', 'D005', 'Phòng Chủ tịch', '5e6695e2-5aad-3241-6c1a-bb545470e80c', 'P008', 'Vị trí 008', 17845278, '0055805', 'ACB', 'Chi nhánh Ngoại Giao Đoàn', '2021-02-08 08:12:24', 'Dương Xuân Lộc', NULL, 'Hoàng Ngọc Minh '),
('47f60f67-6087-2a86-abdb-e5d54223c257', 'NV6275', 'Mai Việt Hương ', '2002-08-01 00:00:00', 1, '0381772853', 'hiwb8628@misa.com', 'Nghệ An', '003465136948', '2019-07-07 18:45:13', 'CA Hà Nội', '7686595d-16d5-33b3-0080-e8e2a817c80e', 'D001', 'Phòng Nhân sự', '60e226cb-63fb-4363-fc4d-8601bf3d85d8', 'P004', 'Vị trí 004', 14645097, '1619628', 'ACB', 'Chi nhánh Ngoại Giao Đoàn', '2021-01-01 01:37:34', 'Dương Xuân Lộc', '2022-01-01 00:00:02', 'Nguyễn Thái Thuận '),
('48659f54-7d1a-67d6-0718-7000f455f3d5', 'NV8342', 'Nguyễn Việt Thành ', '1995-08-11 00:00:00', 2, '0348248183', 'Lakia_Almeida@gmail.com', 'Hà Nội', '002767735639', '2019-01-12 00:08:31', 'CA Hà Nội', '4577565a-7e3e-493a-74dd-867949feb8b5', 'D006', 'Phòng Tổng giám đốc', '6d81a322-63f0-7270-6d1a-bb545470e80c', 'P007', 'Vị trí 007', 18191112, '1492689', 'ACB', 'Chi nhánh Ngoại Giao Đoàn', '2021-02-02 14:57:42', 'Dương Xuân Lộc', NULL, 'Võ Tuấn Thành '),
('48adb0bd-7040-1241-6e92-08c864661f9c', 'NV8316', 'Nguyễn Ngọc Minh ', '2001-01-15 00:00:00', NULL, NULL, 'Sherwood_Antonio748@gmail.com', NULL, '003843602848', '2021-04-15 13:26:56', 'CA Hà Nội', '7686595d-16d5-33b3-0080-e8e2a817c80e', 'D001', 'Phòng Nhân sự', '60e226cb-63fb-4363-fc4d-8601bf3d85d8', 'P004', 'Vị trí 004', 30590958, '5636927', 'ACB', NULL, '2021-06-19 17:53:12', 'Dương Xuân Lộc', NULL, 'Nguyễn Minh Cường '),
('48c40821-1c72-189a-6792-08c864661f9c', 'NV2643', 'Trân Ngọc Thanh ', '1999-08-11 00:00:00', 0, '0354861370', 'Teague@gmail.com', 'Hải Dương', '003601655406', '2019-12-03 13:52:37', 'CA Hà Nội', '11452b0c-768e-5ff7-0d63-eeb1d8ed8cef', 'D005', 'Phòng Chủ tịch', '6d81a322-63f0-7270-6d1a-bb545470e80c', 'P007', 'Vị trí 007', 10515734, '8373901', 'ACB', 'Chi nhánh Ngoại Giao Đoàn', '2021-04-17 22:50:38', 'Dương Xuân Lộc', NULL, 'Nguyễn Tuấn Trường '),
('4943c139-6a49-4d6e-1663-eeb1d8ed8cef', 'NV5293', 'Nguyễn Thái Thanh ', '2000-01-08 00:00:00', 0, '0377305970', 'RichHeflin4@gmail.com', 'Nam Định', '002170659529', '2020-04-18 05:34:41', 'CA Hà Nội', '4e272fc4-7875-78d6-7d32-6a1673ffca7c', 'D008', 'Phòng Bảo vệ', '60e226cb-63fb-4363-fc4d-8601bf3d85d8', 'P004', 'Vị trí 004', 14692807, '9250036', 'ACB', 'Chi nhánh Ngoại Giao Đoàn', '2021-03-26 20:31:06', 'Dương Xuân Lộc', '2022-01-04 02:13:18', 'Trịnh Thái Minh '),
('49b1d904-1956-2147-0c18-7000f455f3d5', 'NV3929', 'Nguyễn Văn Cường ', '1992-02-23 00:00:00', 0, '0341380873', 'Francesco_Harvey@gmail.com', 'Nam Định', '001946743588', '2021-08-23 03:35:24', 'CA Hà Nội', '4e272fc4-7875-78d6-7d32-6a1673ffca7c', 'D008', 'Phòng Bảo vệ', '11fbda18-5d9f-396c-1299-04b3a3d51ef2', 'P003', 'Vị trí 003', 43236116, '2246466', 'ACB', 'Chi nhánh Ngoại Giao Đoàn', NULL, 'Dương Xuân Lộc', '2022-01-25 22:18:40', NULL),
('4a885861-27d1-3519-bedb-e5d54223c257', 'NV0906', 'Bùi Ngọc Ngọc ', '1994-01-22 00:00:00', 1, '0356208164', 'Janella.Ledford31@gmail.com', 'Thái Bình ', '002982574591', '2019-08-03 17:03:53', 'CA Hà Nội', '17120d02-6ab5-3e43-18cb-66948daf6128', 'D003', 'Phòng Thư ký', '76598eb0-20b1-664e-8665-390639088226', 'P005', 'Vị trí 005', 25336546, '0086391', 'ACB', 'Chi nhánh Ngoại Giao Đoàn', '2021-01-01 02:44:10', 'Dương Xuân Lộc', '2022-01-01 00:00:05', 'Mai Văn Bằng '),
('4b5f36b2-71d7-58eb-badb-e5d54223c257', 'NV7018', 'Mai Tuấn Tuấn ', '1997-11-24 00:00:00', 1, '0352832676', 'TimothyMachado84@misa.com', 'Sài gòn', '001766870932', '2020-10-19 01:49:23', 'CA Hà Nội', '142cb08f-7c31-21fa-8e90-67245e8b283e', 'D007', 'Phòng Lập trình viên', '5ada22d3-3248-6596-6e1a-bb545470e80c', 'P001', 'Vị trí 001', 19334801, '9833214', 'ACB', 'Chi nhánh Ngoại Giao Đoàn', '2021-08-02 21:51:20', 'Dương Xuân Lộc', '2022-06-17 08:17:08', 'Nguyễn Ngọc Tuấn '),
('4b96b0b4-7306-163e-b27d-e8c757976496', 'NV4684', 'Nguyễn Minh Minh ', '2003-05-22 00:00:00', NULL, NULL, 'Aguilar@gmail.com', 'Hà Nội', '003695099886', '2019-06-20 19:29:17', 'CA Hà Nội', '11452b0c-768e-5ff7-0d63-eeb1d8ed8cef', 'D005', 'Phòng Chủ tịch', '11fbda18-5d9f-396c-1299-04b3a3d51ef2', 'P003', 'Vị trí 003', 14674144, '9541387', 'ACB', NULL, '2021-03-21 02:47:25', NULL, NULL, 'Nguyễn Việt Thành '),
('4c2386b1-57fb-15fa-1063-eeb1d8ed8cef', 'NV7855', 'Lê Ngọc Hương ', '1995-12-19 00:00:00', 2, '0396296371', 'Guest@gmail.com', 'Hà Nội', '002542412564', '2021-06-20 15:56:04', 'CA Hà Nội', '469b3ece-744a-45d5-957d-e8c757976496', 'D004', 'Phòng Tiếp khách', '6207a9a7-3bf9-7288-8565-390639088226', 'P006', 'Vị trí 006', 16887525, '7699940', 'ACB', 'Chi nhánh Ngoại Giao Đoàn', '2021-03-04 02:56:05', 'Dương Xuân Lộc', NULL, 'Nguyễn Văn Hương '),
('4cd4bba1-49ac-6e4c-b4db-e5d54223c257', 'NV3593', 'Nguyễn Việt Mạnh ', '1996-03-27 00:00:00', 0, '0359670679', 'Grazyna_Alston749@gmail.com', 'Nghệ An', '003844013478', '2019-01-01 00:00:06', 'CA Hà Nội', '768f8e64-7d10-20c9-967d-e8c757976496', 'D002', 'Phòng Hội thảo', '5e6695e2-5aad-3241-6c1a-bb545470e80c', 'P008', 'Vị trí 008', 48490591, '5771684', 'ACB', 'Chi nhánh Ngoại Giao Đoàn', '2021-07-27 17:42:47', 'Dương Xuân Lộc', NULL, 'Lê Ngọc Bằng '),
('4d586d5a-5c04-74a9-8fdd-867949feb8b5', 'NV5269', 'Lê Tuấn Trường ', '1995-02-01 00:00:00', 0, '0393398016', 'Abby_Lantz@misa.com', 'Nam Định', '003693759203', '2020-03-21 12:49:43', 'CA Hà Nội', '17120d02-6ab5-3e43-18cb-66948daf6128', 'D003', 'Phòng Thư ký', '6d81a322-63f0-7270-6d1a-bb545470e80c', 'P007', 'Vị trí 007', 23593781, '5069704', 'ACB', 'Chi nhánh Ngoại Giao Đoàn', '2021-01-01 00:06:23', NULL, NULL, 'Nguyễn Tuấn Bằng '),
('4d6d2901-43ab-4d3b-1a80-e8e2a817c80e', 'NV5311', 'Lê  Ngọc Giang', '1998-01-10 00:00:00', 1, '0387367116', 'Corley@gmail.com', 'Nam Định', '001689270797', '2019-01-01 00:01:15', 'CA Hà Nội', '7686595d-16d5-33b3-0080-e8e2a817c80e', 'D001', 'Phòng Nhân sự', '76598eb0-20b1-664e-8665-390639088226', 'P005', 'Vị trí 005', 45275117, '8232076', 'ACB', 'Chi nhánh Ngoại Giao Đoàn', NULL, 'Dương Xuân Lộc', NULL, NULL),
('4d79d901-1edc-5c5b-0780-e8e2a817c80e', 'NV8462', 'Trân Tuấn Cường ', '1992-03-06 00:00:00', 2, '0361076757', 'TatumFerrara@gmail.com', 'Sài gòn', '001923552826', '2019-01-01 00:50:37', 'CA Hà Nội', '469b3ece-744a-45d5-957d-e8c757976496', 'D004', 'Phòng Tiếp khách', '6207a9a7-3bf9-7288-8565-390639088226', 'P006', 'Vị trí 006', 37420483, '8131004', 'ACB', 'Chi nhánh Ngoại Giao Đoàn', '2021-01-02 17:00:29', 'Dương Xuân Lộc', '2022-04-04 11:24:04', 'Nguyễn Minh Tuấn '),
('4d7b21db-2e02-12b7-a9db-e5d54223c257', 'NV6654', 'Võ  Diễm Mai', '2000-07-20 00:00:00', 2, '0388803110', 'Lake@gmail.com', 'Ninh Bình', '002554305232', '2019-07-05 11:29:17', 'CA Hà Nội', '4577565a-7e3e-493a-74dd-867949feb8b5', 'D006', 'Phòng Tổng giám đốc', '697be7ba-1738-6adf-298f-4d82f3a13455', 'P002', 'Vị trí 002', 36540248, '0963183', 'ACB', 'Chi nhánh Ngoại Giao Đoàn', '2021-01-01 02:05:18', 'Dương Xuân Lộc', '2022-03-13 02:33:39', 'Nguyễn  Thị Linh'),
('4e01ca19-178d-1579-9c90-67245e8b283e', 'NV0371', 'Nguyễn Minh Tuấn ', '1993-01-23 00:00:00', 1, '0347907799', 'Adalberto.Cromer3@gmail.com', 'Đà nẵng', '002087404001', '2020-04-19 09:29:09', 'CA Hà Nội', '4e272fc4-7875-78d6-7d32-6a1673ffca7c', 'D008', 'Phòng Bảo vệ', '697be7ba-1738-6adf-298f-4d82f3a13455', 'P002', 'Vị trí 002', 49961106, '3085626', 'ACB', 'Chi nhánh Ngoại Giao Đoàn', '2021-04-06 18:04:44', 'Dương Xuân Lộc', NULL, 'Nguyễn Thái Trường '),
('4e15cd2d-2f00-196c-1e80-e8e2a817c80e', 'NV9073', 'Mai Ngọc Trường ', '1993-07-05 00:00:00', 2, '0376018054', 'WhitneyCroteau@misa.com', NULL, '001138598468', '2019-01-01 00:00:07', 'CA Hà Nội', '4e272fc4-7875-78d6-7d32-6a1673ffca7c', 'D008', 'Phòng Bảo vệ', '5e6695e2-5aad-3241-6c1a-bb545470e80c', 'P008', 'Vị trí 008', 17333101, '0110995', 'ACB', 'Chi nhánh Ngoại Giao Đoàn', '2021-01-01 00:00:53', 'Dương Xuân Lộc', NULL, 'Nguyễn Ngọc Trường '),
('4e272fc4-7875-78d6-7d32-6a1673ffca7c', 'NV8114', 'Nguyễn Minh Mạnh ', '1995-04-22 00:00:00', 1, '0360478353', 'Porfirio_Garris45@gmail.com', 'Đà nẵng', '002296048208', '2021-08-31 09:18:26', 'CA Hà Nội', '4577565a-7e3e-493a-74dd-867949feb8b5', 'D006', 'Phòng Tổng giám đốc', '11fbda18-5d9f-396c-1299-04b3a3d51ef2', 'P003', 'Vị trí 003', 21857198, '8033173', 'ACB', 'Chi nhánh Ngoại Giao Đoàn', '2021-02-09 12:41:36', 'Dương Xuân Lộc', '2022-01-01 00:00:09', 'Nông Minh Hoàng '),
('4eceddac-7dc2-38ea-7bdd-867949feb8b5', 'NV3718', 'Mai Việt Hiếu ', '2004-05-14 00:00:00', 2, '0378805383', 'Abreu178@gmail.com', 'Hà Nội', '001074123238', '2020-05-09 11:48:33', 'CA Hà Nội', '768f8e64-7d10-20c9-967d-e8c757976496', 'D002', 'Phòng Hội thảo', '6207a9a7-3bf9-7288-8565-390639088226', 'P006', 'Vị trí 006', 34679156, '3259252', 'ACB', 'Chi nhánh Ngoại Giao Đoàn', '2021-01-01 00:01:24', 'Dương Xuân Lộc', '2022-01-01 00:14:52', 'Mai Ngọc Thành '),
('4eebff13-3b4d-17d0-9632-6a1673ffca7c', 'NV2177', 'Lê Minh Cường ', NULL, 0, '0398669297', 'fbmilh2301@gmail.com', 'Hà Nội', '003651365140', NULL, 'CA Hà Nội', '469b3ece-744a-45d5-957d-e8c757976496', 'D004', 'Phòng Tiếp khách', '11fbda18-5d9f-396c-1299-04b3a3d51ef2', 'P003', 'Vị trí 003', NULL, '7518787', 'ACB', 'Chi nhánh Ngoại Giao Đoàn', '2021-05-22 03:07:46', 'Dương Xuân Lộc', '2022-06-26 23:08:20', 'Bùi Tuấn Thái '),
('4f6d1696-757a-42a0-0a80-e8e2a817c80e', 'NV8965', 'Nguyễn  Mai Lệ', '1994-06-07 00:00:00', NULL, NULL, 'Abreu@misa.com', NULL, '001148122224', '2019-12-17 23:27:39', 'CA Hà Nội', '4e272fc4-7875-78d6-7d32-6a1673ffca7c', 'D008', 'Phòng Bảo vệ', '5e6695e2-5aad-3241-6c1a-bb545470e80c', 'P008', 'Vị trí 008', 17082940, '6707255', 'ACB', NULL, '2021-07-13 22:23:30', 'Dương Xuân Lộc', NULL, 'Nguyễn Ngọc Cường '),
('507bbfcb-3bf9-738b-8cdd-867949feb8b5', 'NV3788', 'Nông Văn Mạnh ', '2004-03-13 00:00:00', 2, '0370904706', 'Jose@gmail.com', 'Đà nẵng', '003562745334', '2021-07-08 00:29:04', 'CA Hà Nội', '469b3ece-744a-45d5-957d-e8c757976496', 'D004', 'Phòng Tiếp khách', '11fbda18-5d9f-396c-1299-04b3a3d51ef2', 'P003', 'Vị trí 003', 32688509, '2068135', 'ACB', 'Chi nhánh Ngoại Giao Đoàn', '2021-06-07 12:21:15', 'Dương Xuân Lộc', NULL, 'Hoàng Minh Tuấn '),
('50d65da3-631c-5139-9b90-67245e8b283e', 'NV0053', 'Nông Thái Anh ', '1993-09-01 00:00:00', 0, '0395291689', 'Christopher653@gmail.com', 'Thái Bình ', '001953700116', '2019-01-01 01:40:32', 'CA Hà Nội', '17120d02-6ab5-3e43-18cb-66948daf6128', 'D003', 'Phòng Thư ký', '5ada22d3-3248-6596-6e1a-bb545470e80c', 'P001', 'Vị trí 001', 26044903, '6148503', 'ACB', 'Chi nhánh Ngoại Giao Đoàn', NULL, 'Dương Xuân Lộc', '2022-08-03 13:39:28', NULL),
('511f2482-76be-16cb-84dd-867949feb8b5', 'NV6199', 'Nguyễn Minh Cường ', '1993-05-22 00:00:00', NULL, NULL, 'Barbera_Smiley@misa.com', 'Hải Dương', '003168768122', '2019-01-01 00:00:07', 'CA Hà Nội', '142cb08f-7c31-21fa-8e90-67245e8b283e', 'D007', 'Phòng Lập trình viên', '60e226cb-63fb-4363-fc4d-8601bf3d85d8', 'P004', 'Vị trí 004', 29253675, '4627790', 'ACB', NULL, '2021-01-01 00:00:49', 'Dương Xuân Lộc', NULL, 'Trân  Thị Diễm'),
('51b0c827-6de4-34c0-0518-7000f455f3d5', 'NV1304', 'Mai Thái Tuấn ', '1997-09-22 00:00:00', 0, '0354005160', 'Schmidt@gmail.com', NULL, '002046867021', '2019-11-01 08:25:10', 'CA Hà Nội', '11452b0c-768e-5ff7-0d63-eeb1d8ed8cef', 'D005', 'Phòng Chủ tịch', '60e226cb-63fb-4363-fc4d-8601bf3d85d8', 'P004', 'Vị trí 004', 13668334, '8057792', 'ACB', 'Chi nhánh Ngoại Giao Đoàn', '2021-01-27 04:24:47', 'Dương Xuân Lộc', NULL, 'Nông Thái Ngọc '),
('52f674bb-7249-7b72-8b32-6a1673ffca7c', 'NV0258', 'Nguyễn Việt Minh ', NULL, 1, '0395164009', 'Finley@gmail.com', 'Hà Nội', '003050540767', NULL, 'CA Hà Nội', '768f8e64-7d10-20c9-967d-e8c757976496', 'D002', 'Phòng Hội thảo', '6d81a322-63f0-7270-6d1a-bb545470e80c', 'P007', 'Vị trí 007', NULL, '4485665', 'ACB', 'Chi nhánh Ngoại Giao Đoàn', '2021-03-14 22:49:13', 'Dương Xuân Lộc', '2022-08-10 01:51:22', 'Nguyễn Tuấn Minh '),
('52f7159d-5242-1af8-9c7d-e8c757976496', 'NV7498', 'Nguyễn Tuấn Mạnh ', '2001-03-15 00:00:00', 1, '0373365982', 'eolka4@gmail.com', 'Sài gòn', '002337592392', '2020-03-18 21:48:54', 'CA Hà Nội', '11452b0c-768e-5ff7-0d63-eeb1d8ed8cef', 'D005', 'Phòng Chủ tịch', '76598eb0-20b1-664e-8665-390639088226', 'P005', 'Vị trí 005', 21311678, '0699905', 'ACB', 'Chi nhánh Ngoại Giao Đoàn', '2021-01-01 00:15:57', 'Dương Xuân Lộc', '2022-05-26 10:33:38', 'Lê Ngọc Trường '),
('53f6b59c-6af6-4204-6292-08c864661f9c', 'NV8064', 'Nguyễn Ngọc Anh ', '1994-05-05 00:00:00', 0, '0344614726', 'Cornell_Sewell@gmail.com', 'Nghệ An', '003079870582', '2020-07-20 12:23:52', 'CA Hà Nội', '11452b0c-768e-5ff7-0d63-eeb1d8ed8cef', 'D005', 'Phòng Chủ tịch', '6207a9a7-3bf9-7288-8565-390639088226', 'P006', 'Vị trí 006', 19492081, '8905142', 'ACB', 'Chi nhánh Ngoại Giao Đoàn', '2021-01-29 21:50:16', 'Dương Xuân Lộc', '2022-01-01 00:08:45', 'Nguyễn Tuấn Hiếu '),
('546d5701-35f7-2ab9-7892-08c864661f9c', 'NV0005', 'Nông Minh Mạnh ', '1992-01-04 00:00:00', 1, '0386156521', 'FlynnF4@misa.com', 'Hải Dương', '002180098023', '2019-01-01 01:18:20', 'CA Hà Nội', '17120d02-6ab5-3e43-18cb-66948daf6128', 'D003', 'Phòng Thư ký', '697be7ba-1738-6adf-298f-4d82f3a13455', 'P002', 'Vị trí 002', 41778569, '1771679', 'ACB', 'Chi nhánh Ngoại Giao Đoàn', NULL, 'Dương Xuân Lộc', '2022-01-23 15:35:44', NULL),
('5490f8c0-5e25-1923-9a32-6a1673ffca7c', 'NV5375', 'Nguyễn Ngọc Trường ', '1992-01-04 00:00:00', NULL, NULL, 'Lawless81@misa.com', 'Đà nẵng', '003937116513', '2020-05-22 01:16:52', 'CA Hà Nội', '768f8e64-7d10-20c9-967d-e8c757976496', 'D002', 'Phòng Hội thảo', '6207a9a7-3bf9-7288-8565-390639088226', 'P006', 'Vị trí 006', 46753812, '0925877', 'ACB', NULL, '2021-05-31 02:26:23', NULL, NULL, 'Bùi  Thị Lệ'),
('550c9284-29ba-7fb5-7392-08c864661f9c', 'NV9031', 'Nông Văn Thuận ', '1998-06-10 00:00:00', 1, '0376588038', 'Ruffin@gmail.com', 'Thái Bình ', '001240721215', '2020-02-07 21:20:49', 'CA Hà Nội', '4e272fc4-7875-78d6-7d32-6a1673ffca7c', 'D008', 'Phòng Bảo vệ', '60e226cb-63fb-4363-fc4d-8601bf3d85d8', 'P004', 'Vị trí 004', 37032963, '8355259', 'ACB', 'Chi nhánh Ngoại Giao Đoàn', '2021-05-13 22:37:34', 'Dương Xuân Lộc', '2022-05-20 21:23:03', 'Lê Ngọc Thái '),
('553b7b1d-3c3a-50ef-7a92-08c864661f9c', 'NV0864', 'Nguyễn Ngọc Tuấn ', '2002-06-15 00:00:00', 1, '0397916487', 'Adolfo.Corral@gmail.com', NULL, '002005819694', '2019-01-01 00:01:52', 'CA Hà Nội', '11452b0c-768e-5ff7-0d63-eeb1d8ed8cef', 'D005', 'Phòng Chủ tịch', '5ada22d3-3248-6596-6e1a-bb545470e80c', 'P001', 'Vị trí 001', 14347232, '9954270', 'ACB', 'Chi nhánh Ngoại Giao Đoàn', '2021-02-28 10:20:15', 'Dương Xuân Lộc', NULL, 'Hoàng Việt Tuấn '),
('55956549-7945-2d5f-7992-08c864661f9c', 'NV8279', 'Hoàng Tuấn Hương ', '2002-11-13 00:00:00', 0, '0348626031', 'KrystinaBarbour@gmail.com', NULL, '002656438480', '2019-01-01 00:00:49', 'CA Hà Nội', '17120d02-6ab5-3e43-18cb-66948daf6128', 'D003', 'Phòng Thư ký', '5e6695e2-5aad-3241-6c1a-bb545470e80c', 'P008', 'Vị trí 008', 31129187, '5290993', 'ACB', 'Chi nhánh Ngoại Giao Đoàn', '2021-08-01 16:50:10', 'Dương Xuân Lộc', '2022-01-01 00:01:19', 'Hoàng Thái Cường '),
('5608f456-3b97-2e05-5d92-08c864661f9c', 'NV1954', 'Lê  Thị Linh', NULL, NULL, NULL, 'Star_Lowell@gmail.com', 'Hải Dương', '002097022818', NULL, 'CA Hà Nội', '142cb08f-7c31-21fa-8e90-67245e8b283e', 'D007', 'Phòng Lập trình viên', '60e226cb-63fb-4363-fc4d-8601bf3d85d8', 'P004', 'Vị trí 004', NULL, '9241142', 'ACB', NULL, '2021-09-18 15:51:09', 'Dương Xuân Lộc', NULL, 'Bùi Văn Mạnh '),
('561eb2f7-48b8-58dd-6892-08c864661f9c', 'NV5889', 'Bùi Minh Hiếu ', '2004-11-24 00:00:00', 2, '0371912776', 'agypebbi9082@gmail.com', 'Sài gòn', '001324109482', '2019-01-01 00:00:08', 'CA Hà Nội', '4e272fc4-7875-78d6-7d32-6a1673ffca7c', 'D008', 'Phòng Bảo vệ', '60e226cb-63fb-4363-fc4d-8601bf3d85d8', 'P004', 'Vị trí 004', 42311682, '1639292', 'ACB', 'Chi nhánh Ngoại Giao Đoàn', NULL, 'Dương Xuân Lộc', '2022-04-09 11:22:23', NULL),
('5660d465-6020-48f3-75dd-867949feb8b5', 'NV3496', 'Nguyễn Minh Thành ', '2001-10-02 00:00:00', 2, '0352330427', 'MosePlante636@gmail.com', 'Nghệ An', '002625399136', '2021-02-13 23:25:27', 'CA Hà Nội', '142cb08f-7c31-21fa-8e90-67245e8b283e', 'D007', 'Phòng Lập trình viên', '5e6695e2-5aad-3241-6c1a-bb545470e80c', 'P008', 'Vị trí 008', 49813021, '4229681', 'ACB', 'Chi nhánh Ngoại Giao Đoàn', '2021-05-16 21:05:14', 'Dương Xuân Lộc', '2022-02-27 18:32:18', 'Trân Tuấn Thanh '),
('56957607-562f-5d6d-1ecb-66948daf6128', 'NV3654', 'Lê  Thị Ngọc', '2004-11-07 00:00:00', 0, '0354908561', 'Mila_Burrows3@gmail.com', 'Nghệ An', '003015838034', '2020-05-07 19:53:39', 'CA Hà Nội', '768f8e64-7d10-20c9-967d-e8c757976496', 'D002', 'Phòng Hội thảo', '697be7ba-1738-6adf-298f-4d82f3a13455', 'P002', 'Vị trí 002', 13257056, '7539684', 'ACB', 'Chi nhánh Ngoại Giao Đoàn', '2021-02-08 21:41:34', 'Dương Xuân Lộc', NULL, 'Lê Tuấn Cường '),
('56978ca4-3960-6c89-1963-eeb1d8ed8cef', 'NV8921', 'Nguyễn Ngọc Trường ', '1992-02-22 00:00:00', NULL, NULL, 'SandaJ.Badger8@gmail.com', 'Nam Định', '003074242802', '2019-07-06 10:35:12', 'CA Hà Nội', '142cb08f-7c31-21fa-8e90-67245e8b283e', 'D007', 'Phòng Lập trình viên', '5ada22d3-3248-6596-6e1a-bb545470e80c', 'P001', 'Vị trí 001', 22769951, '3761462', 'ACB', NULL, '2021-07-02 10:50:04', NULL, NULL, 'Bùi Minh Cường '),
('56b19619-3b4b-5ed3-6d92-08c864661f9c', 'NV0926', 'Võ Minh Mạnh ', '1994-05-12 00:00:00', 0, '0362908199', 'RobbyHutcheson@gmail.com', NULL, '002883469047', '2020-12-15 05:53:27', 'CA Hà Nội', '7686595d-16d5-33b3-0080-e8e2a817c80e', 'D001', 'Phòng Nhân sự', '6d81a322-63f0-7270-6d1a-bb545470e80c', 'P007', 'Vị trí 007', 13858596, '7435071', 'ACB', 'Chi nhánh Ngoại Giao Đoàn', NULL, 'Dương Xuân Lộc', NULL, NULL),
('56ea0e4e-18dc-1b50-6f92-08c864661f9c', 'NV4342', 'Hoàng  Diễm Loan', '1992-03-17 00:00:00', 2, '0345783512', 'Brice.Akins@gmail.com', 'Hải Dương', '003703497148', '2020-09-15 21:15:41', 'CA Hà Nội', '768f8e64-7d10-20c9-967d-e8c757976496', 'D002', 'Phòng Hội thảo', '5ada22d3-3248-6596-6e1a-bb545470e80c', 'P001', 'Vị trí 001', 32874257, '0588643', 'ACB', 'Chi nhánh Ngoại Giao Đoàn', '2021-08-15 07:42:55', 'Dương Xuân Lộc', '2022-01-01 00:06:04', 'Võ Tuấn Trường '),
('5705b068-6d67-5d80-9432-6a1673ffca7c', 'NV9340', 'Hoàng Minh Hiếu ', '1994-08-15 00:00:00', 1, '0388776398', 'SungGreenlee@misa.com', 'Ninh Bình', '002945213328', '2019-01-01 00:00:58', 'CA Hà Nội', '768f8e64-7d10-20c9-967d-e8c757976496', 'D002', 'Phòng Hội thảo', '6d81a322-63f0-7270-6d1a-bb545470e80c', 'P007', 'Vị trí 007', 12950582, '1494229', 'ACB', 'Chi nhánh Ngoại Giao Đoàn', NULL, 'Dương Xuân Lộc', '2022-01-01 02:44:16', NULL),
('572ed340-5a40-3dba-c4db-e5d54223c257', 'NV1730', 'Nguyễn Ngọc Trường ', '1992-01-07 00:00:00', 0, '0342326968', 'Galvin94@gmail.com', 'Nghệ An', '003042048587', '2019-01-01 00:00:35', 'CA Hà Nội', '17120d02-6ab5-3e43-18cb-66948daf6128', 'D003', 'Phòng Thư ký', '6207a9a7-3bf9-7288-8565-390639088226', 'P006', 'Vị trí 006', 38399488, '2640368', 'ACB', 'Chi nhánh Ngoại Giao Đoàn', '2021-05-30 04:55:14', 'Dương Xuân Lộc', '2022-03-03 21:35:46', 'Nguyễn  Thị Hương'),
('578a959e-1fe6-650e-b8db-e5d54223c257', 'NV0932', 'Nguyễn  Thị Loan', NULL, 1, '0360403774', 'Abel_Nelms@misa.com', 'Ninh Bình', '003494048511', NULL, 'CA Hà Nội', '4577565a-7e3e-493a-74dd-867949feb8b5', 'D006', 'Phòng Tổng giám đốc', '5ada22d3-3248-6596-6e1a-bb545470e80c', 'P001', 'Vị trí 001', NULL, '4462913', 'ACB', 'Chi nhánh Ngoại Giao Đoàn', '2021-01-01 00:11:41', 'Dương Xuân Lộc', NULL, 'Trân Văn Thuận '),
('58d8d8a7-140b-5c87-82dd-867949feb8b5', 'NV4295', 'Nguyễn Văn Anh ', '1995-10-20 00:00:00', 0, '0340923243', 'VeniceAllison6@gmail.com', 'Hà Nội', '002270815093', '2021-07-14 17:56:15', 'CA Hà Nội', '142cb08f-7c31-21fa-8e90-67245e8b283e', 'D007', 'Phòng Lập trình viên', '6207a9a7-3bf9-7288-8565-390639088226', 'P006', 'Vị trí 006', 48924427, '5935081', 'ACB', 'Chi nhánh Ngoại Giao Đoàn', '2021-03-30 01:36:45', 'Dương Xuân Lộc', '2022-01-01 01:12:19', 'Hoàng Minh Bằng '),
('59d19422-6657-452e-a7db-e5d54223c257', 'NV1121', 'Nguyễn Thái Tuấn ', '2000-10-13 00:00:00', 1, '0354376930', 'Hudgins388@gmail.com', 'Nghệ An', '002926668663', '2019-08-14 21:06:53', 'CA Hà Nội', '768f8e64-7d10-20c9-967d-e8c757976496', 'D002', 'Phòng Hội thảo', '6d81a322-63f0-7270-6d1a-bb545470e80c', 'P007', 'Vị trí 007', 40538667, '4332261', 'ACB', 'Chi nhánh Ngoại Giao Đoàn', '2021-01-01 00:08:53', 'Dương Xuân Lộc', NULL, 'Nguyễn Tuấn Hương '),
('5abcb7aa-4be0-373c-b7db-e5d54223c257', 'NV4978', 'Nguyễn Ngọc Tuấn ', '1992-03-04 00:00:00', 0, '0357509649', 'JedCorbett@gmail.com', 'Sài gòn', '003499265137', '2019-01-01 00:06:12', 'CA Hà Nội', '142cb08f-7c31-21fa-8e90-67245e8b283e', 'D007', 'Phòng Lập trình viên', '5ada22d3-3248-6596-6e1a-bb545470e80c', 'P001', 'Vị trí 001', 27762759, '7292903', 'ACB', 'Chi nhánh Ngoại Giao Đoàn', '2021-06-29 06:34:49', 'Dương Xuân Lộc', '2022-06-13 05:30:44', 'Trân Minh Minh '),
('5ae2d70b-201d-3e23-7f32-6a1673ffca7c', 'NV6718', 'Trân  Thị Hường', '1994-08-18 00:00:00', 1, '0381742393', 'Starr@gmail.com', 'Sài gòn', '002574756922', '2019-10-18 10:23:26', 'CA Hà Nội', '469b3ece-744a-45d5-957d-e8c757976496', 'D004', 'Phòng Tiếp khách', '697be7ba-1738-6adf-298f-4d82f3a13455', 'P002', 'Vị trí 002', 31832952, '2163460', 'ACB', 'Chi nhánh Ngoại Giao Đoàn', '2021-02-11 22:39:11', 'Dương Xuân Lộc', '2022-08-02 12:06:21', 'Hoàng Thái Thanh '),
('5b2fcdf5-2050-7cb2-8f90-67245e8b283e', 'NV7554', 'Nông Tuấn Bằng ', '2001-10-21 00:00:00', 2, '0347456718', 'Babin@gmail.com', 'Thái Bình ', '002099734192', '2021-02-24 22:29:17', 'CA Hà Nội', '11452b0c-768e-5ff7-0d63-eeb1d8ed8cef', 'D005', 'Phòng Chủ tịch', '697be7ba-1738-6adf-298f-4d82f3a13455', 'P002', 'Vị trí 002', 38563359, '6183547', 'ACB', 'Chi nhánh Ngoại Giao Đoàn', '2021-04-24 08:37:41', 'Dương Xuân Lộc', '2022-03-09 11:20:55', 'Nguyễn Văn Thanh '),
('5b50bf11-3f80-3d31-9032-6a1673ffca7c', 'NV6644', 'Mai  Thị Lệ', '2004-08-12 00:00:00', 2, '0366417489', 'Salvatore_Coombs@misa.com', 'Sài gòn', '002416268627', '2021-05-27 23:41:07', 'CA Hà Nội', '469b3ece-744a-45d5-957d-e8c757976496', 'D004', 'Phòng Tiếp khách', '697be7ba-1738-6adf-298f-4d82f3a13455', 'P002', 'Vị trí 002', 22872881, '8052689', 'ACB', 'Chi nhánh Ngoại Giao Đoàn', '2021-09-17 21:01:13', 'Dương Xuân Lộc', '2022-04-09 11:47:41', 'Nguyễn Văn Tuấn '),
('5b8ddb97-1143-4e4b-0618-7000f455f3d5', 'NV8102', 'Nguyễn Tuấn Anh ', '1997-09-29 00:00:00', 0, '0367885740', 'GuillenZ@gmail.com', 'Ninh Bình', '001401524360', '2020-09-13 05:19:41', 'CA Hà Nội', '11452b0c-768e-5ff7-0d63-eeb1d8ed8cef', 'D005', 'Phòng Chủ tịch', '5ada22d3-3248-6596-6e1a-bb545470e80c', 'P001', 'Vị trí 001', 20802528, '0155569', 'ACB', 'Chi nhánh Ngoại Giao Đoàn', '2021-06-12 04:47:47', NULL, NULL, 'Võ  Thị Giang'),
('5badffd8-18c8-3f76-6492-08c864661f9c', 'NV4216', 'Nguyễn Văn Ngọc ', '1994-01-26 00:00:00', 2, '0394705081', 'NesmithD92@gmail.com', 'Hà Nội', '001576313951', '2021-01-20 23:44:16', 'CA Hà Nội', '142cb08f-7c31-21fa-8e90-67245e8b283e', 'D007', 'Phòng Lập trình viên', '5e6695e2-5aad-3241-6c1a-bb545470e80c', 'P008', 'Vị trí 008', 15683501, '6113955', 'ACB', 'Chi nhánh Ngoại Giao Đoàn', '2021-04-03 02:22:09', NULL, '2022-06-15 18:28:22', 'Nguyễn Việt Tuấn '),
('5c63ba8f-59bb-6d2f-9990-67245e8b283e', 'NV2499', 'Nông Văn Thái ', '1994-07-02 00:00:00', 2, '0361806243', 'Beach9@gmail.com', 'Hải Dương', '002110137804', '2020-07-30 13:07:40', 'CA Hà Nội', '4577565a-7e3e-493a-74dd-867949feb8b5', 'D006', 'Phòng Tổng giám đốc', '11fbda18-5d9f-396c-1299-04b3a3d51ef2', 'P003', 'Vị trí 003', 44773192, '4659973', 'ACB', 'Chi nhánh Ngoại Giao Đoàn', NULL, 'Dương Xuân Lộc', '2022-08-12 02:28:56', NULL),
('5c86869a-6d0c-7cb1-2dcb-66948daf6128', 'NV4090', 'Nguyễn Minh Cường ', '1998-11-04 00:00:00', 2, '0340151612', 'Adolfo_Baez481@gmail.com', 'Nam Định', '003026042613', '2020-09-20 10:24:11', 'CA Hà Nội', '4577565a-7e3e-493a-74dd-867949feb8b5', 'D006', 'Phòng Tổng giám đốc', '76598eb0-20b1-664e-8665-390639088226', 'P005', 'Vị trí 005', 11230672, '4596810', 'ACB', 'Chi nhánh Ngoại Giao Đoàn', '2021-05-23 22:58:57', 'Dương Xuân Lộc', '2022-01-01 00:00:06', 'Hoàng Tuấn Thành '),
('5d69f482-4df8-2e61-0e80-e8e2a817c80e', 'NV4505', 'Võ Tuấn Hoàng ', '2003-03-12 00:00:00', 0, '0398671431', 'JudsonStubbs@misa.com', 'Sài gòn', '003248328947', '2020-06-24 19:11:30', 'CA Hà Nội', '768f8e64-7d10-20c9-967d-e8c757976496', 'D002', 'Phòng Hội thảo', '76598eb0-20b1-664e-8665-390639088226', 'P005', 'Vị trí 005', 30438629, '3951854', 'ACB', 'Chi nhánh Ngoại Giao Đoàn', '2021-03-20 06:29:43', 'Dương Xuân Lộc', NULL, 'Mai Văn Hương '),
('5d9921cd-3126-4478-31cb-66948daf6128', 'NV7315', 'Nguyễn Việt Trường ', '1993-01-28 00:00:00', 2, '0399885052', 'Upton8@gmail.com', 'Thái Bình ', '001949348054', '2019-07-05 14:27:02', 'CA Hà Nội', '11452b0c-768e-5ff7-0d63-eeb1d8ed8cef', 'D005', 'Phòng Chủ tịch', '11fbda18-5d9f-396c-1299-04b3a3d51ef2', 'P003', 'Vị trí 003', 15945393, '5289821', 'ACB', 'Chi nhánh Ngoại Giao Đoàn', '2021-01-08 21:46:15', 'Dương Xuân Lộc', '2022-06-14 05:28:18', 'Bùi Tuấn Mạnh '),
('5da22bd5-28f1-649c-1880-e8e2a817c80e', 'NV6223', 'Nông Ngọc Mạnh ', '1994-04-08 00:00:00', 0, '0382340561', 'cmjz8136@misa.com', 'Hải Dương', '002416303326', '2019-07-16 08:24:02', 'CA Hà Nội', '4e272fc4-7875-78d6-7d32-6a1673ffca7c', 'D008', 'Phòng Bảo vệ', '76598eb0-20b1-664e-8665-390639088226', 'P005', 'Vị trí 005', 39870775, '7333180', 'ACB', 'Chi nhánh Ngoại Giao Đoàn', '2021-01-01 00:00:09', 'Dương Xuân Lộc', NULL, 'Nguyễn Tuấn Mạnh '),
('5efbfc88-48f0-511d-ad7d-e8c757976496', 'NV0575', 'Lê Thái Thành ', '1998-11-15 00:00:00', 1, '0355653793', 'AckerV@misa.com', 'Nam Định', '003656093410', '2020-09-14 12:03:23', 'CA Hà Nội', '4e272fc4-7875-78d6-7d32-6a1673ffca7c', 'D008', 'Phòng Bảo vệ', '5ada22d3-3248-6596-6e1a-bb545470e80c', 'P001', 'Vị trí 001', 26900961, '4603663', 'ACB', 'Chi nhánh Ngoại Giao Đoàn', '2021-01-01 00:16:30', 'Dương Xuân Lộc', '2022-01-01 00:00:39', 'Hoàng Tuấn Hoàng '),
('5f058231-67ac-7f38-32cb-66948daf6128', 'NV0406', 'Nguyễn Ngọc Hiếu ', '2002-04-29 00:00:00', 0, '0365534348', 'Justin.Z_Riggs@gmail.com', 'Thái Bình ', '003892346530', '2020-01-24 02:14:38', 'CA Hà Nội', '17120d02-6ab5-3e43-18cb-66948daf6128', 'D003', 'Phòng Thư ký', '60e226cb-63fb-4363-fc4d-8601bf3d85d8', 'P004', 'Vị trí 004', 20063133, '2971445', 'ACB', 'Chi nhánh Ngoại Giao Đoàn', '2021-04-03 05:08:16', 'Dương Xuân Lộc', '2022-03-02 23:29:05', 'Mai Văn Tuấn '),
('5fbbda7e-7566-416f-9b7d-e8c757976496', 'NV1296', 'Nguyễn Việt Trường ', '1992-12-31 00:00:00', 2, '0346888764', 'Waneta_Childers17@misa.com', 'Nam Định', '003694054583', '2021-03-27 23:40:41', 'CA Hà Nội', '768f8e64-7d10-20c9-967d-e8c757976496', 'D002', 'Phòng Hội thảo', '5e6695e2-5aad-3241-6c1a-bb545470e80c', 'P008', 'Vị trí 008', 21949017, '3019501', 'ACB', 'Chi nhánh Ngoại Giao Đoàn', '2021-07-28 04:17:41', NULL, NULL, 'Lê Ngọc Thái '),
('60084fec-3509-2779-8432-6a1673ffca7c', 'NV6905', 'Nông Việt Cường ', '1992-12-25 00:00:00', 0, '0360516477', 'MichalFultz219@gmail.com', 'Sài gòn', '002219410863', '2020-01-30 07:47:55', 'CA Hà Nội', '142cb08f-7c31-21fa-8e90-67245e8b283e', 'D007', 'Phòng Lập trình viên', '697be7ba-1738-6adf-298f-4d82f3a13455', 'P002', 'Vị trí 002', 49433684, '9692273', 'ACB', 'Chi nhánh Ngoại Giao Đoàn', '2021-08-03 21:49:21', 'Dương Xuân Lộc', '2022-05-10 23:30:12', 'Nguyễn Tuấn Hoàng '),
('606145e7-3b94-4ec2-7b92-08c864661f9c', 'NV8747', 'Lê Minh Thuận ', NULL, NULL, NULL, 'PruittV@misa.com', 'Nghệ An', '002671461608', '2019-11-22 11:09:31', 'CA Hà Nội', '469b3ece-744a-45d5-957d-e8c757976496', 'D004', 'Phòng Tiếp khách', '76598eb0-20b1-664e-8665-390639088226', 'P005', 'Vị trí 005', 46084446, '2473713', 'ACB', NULL, '2021-07-28 00:22:47', NULL, NULL, 'Nguyễn Thái Hiếu '),
('6081dc00-4df0-5184-9690-67245e8b283e', 'NV3080', 'Nguyễn Minh Cường ', '1993-06-04 00:00:00', 1, '0385655748', 'BrindaAAbrams@gmail.com', NULL, '001771680175', '2019-01-31 12:56:59', 'CA Hà Nội', '17120d02-6ab5-3e43-18cb-66948daf6128', 'D003', 'Phòng Thư ký', '6d81a322-63f0-7270-6d1a-bb545470e80c', 'P007', 'Vị trí 007', 13414394, '9750215', 'ACB', 'Chi nhánh Ngoại Giao Đoàn', '2021-03-10 11:44:28', 'Dương Xuân Lộc', NULL, 'Nguyễn Thái Tuấn '),
('6149c4f4-425b-60e0-b3db-e5d54223c257', 'NV3021', 'Bùi Việt Cường ', NULL, 0, '0345693331', 'AbbyCuevas@gmail.com', 'Nam Định', '002296242295', NULL, 'CA Hà Nội', '7686595d-16d5-33b3-0080-e8e2a817c80e', 'D001', 'Phòng Nhân sự', '76598eb0-20b1-664e-8665-390639088226', 'P005', 'Vị trí 005', NULL, '3503223', 'ACB', 'Chi nhánh Ngoại Giao Đoàn', '2021-04-12 01:01:00', 'Dương Xuân Lộc', '2022-01-01 02:08:04', 'Nguyễn Văn Ngọc '),
('619f0c7a-28cc-469d-aa90-67245e8b283e', 'NV0108', 'Nguyễn Minh Thanh ', '2000-01-17 00:00:00', 0, '0359561543', 'AdahCompton934@gmail.com', NULL, '001025665236', '2021-07-16 02:13:25', 'CA Hà Nội', '768f8e64-7d10-20c9-967d-e8c757976496', 'D002', 'Phòng Hội thảo', '5ada22d3-3248-6596-6e1a-bb545470e80c', 'P001', 'Vị trí 001', 49213486, '9491112', 'ACB', 'Chi nhánh Ngoại Giao Đoàn', '2021-03-15 23:26:23', NULL, NULL, 'Nguyễn Minh Mạnh '),
('61a45b9e-55c1-3dbb-f917-7000f455f3d5', 'NV8439', 'Bùi Minh Thuận ', '1992-01-02 00:00:00', 2, '0388484220', 'LucioDolan@gmail.com', NULL, '003179191748', NULL, 'CA Hà Nội', '469b3ece-744a-45d5-957d-e8c757976496', 'D004', 'Phòng Tiếp khách', '5ada22d3-3248-6596-6e1a-bb545470e80c', 'P001', 'Vị trí 001', NULL, '8226765', 'ACB', 'Chi nhánh Ngoại Giao Đoàn', '2021-01-29 22:11:02', 'Dương Xuân Lộc', NULL, 'Lê Tuấn Thái '),
('61a68ac1-3e74-5149-a290-67245e8b283e', 'NV1093', 'Nguyễn Ngọc Cường ', '1992-01-09 00:00:00', NULL, NULL, 'Doe56@gmail.com', 'Hải Dương', '001126698484', '2020-06-15 03:58:51', 'CA Hà Nội', '469b3ece-744a-45d5-957d-e8c757976496', 'D004', 'Phòng Tiếp khách', '60e226cb-63fb-4363-fc4d-8601bf3d85d8', 'P004', 'Vị trí 004', 45968070, '4393499', 'ACB', NULL, '2021-08-28 00:07:11', 'Dương Xuân Lộc', NULL, 'Nguyễn  Thị Hương'),
('61ae4fa5-62f7-7063-ab90-67245e8b283e', 'NV4361', 'Nông Văn Minh ', '1993-12-07 00:00:00', 0, '0384168822', 'Bud.Washburn491@gmail.com', 'Nam Định', '003771833506', '2020-05-07 04:09:29', 'CA Hà Nội', '11452b0c-768e-5ff7-0d63-eeb1d8ed8cef', 'D005', 'Phòng Chủ tịch', '6d81a322-63f0-7270-6d1a-bb545470e80c', 'P007', 'Vị trí 007', 29611451, '8689629', 'ACB', 'Chi nhánh Ngoại Giao Đoàn', '2021-02-24 04:39:42', 'Dương Xuân Lộc', NULL, 'Nguyễn Thái Trường '),
('61de96a0-125e-6f06-9e90-67245e8b283e', 'NV7027', 'Lê Ngọc Mạnh ', '2004-07-30 00:00:00', 1, '0370867688', 'Judge@gmail.com', 'Sài gòn', '003254979888', '2019-01-01 00:00:22', 'CA Hà Nội', '469b3ece-744a-45d5-957d-e8c757976496', 'D004', 'Phòng Tiếp khách', '6207a9a7-3bf9-7288-8565-390639088226', 'P006', 'Vị trí 006', 16232013, '9567670', 'ACB', 'Chi nhánh Ngoại Giao Đoàn', '2021-04-14 10:41:46', 'Dương Xuân Lộc', '2022-09-04 12:43:30', 'Nguyễn Tuấn Minh '),
('62071e5d-7876-6982-a67d-e8c757976496', 'NV2345', 'Nguyễn Minh Hiếu ', '2001-01-18 00:00:00', 2, '0354952336', 'Drew@gmail.com', 'Đà nẵng', '001360747375', '2019-04-15 11:53:59', 'CA Hà Nội', '17120d02-6ab5-3e43-18cb-66948daf6128', 'D003', 'Phòng Thư ký', '60e226cb-63fb-4363-fc4d-8601bf3d85d8', 'P004', 'Vị trí 004', 13179725, '0739436', 'ACB', 'Chi nhánh Ngoại Giao Đoàn', '2021-07-05 20:07:43', 'Dương Xuân Lộc', '2022-01-01 00:00:02', 'Nguyễn Thái Trường '),
('620dbda4-3d7b-6ef2-89dd-867949feb8b5', 'NV7970', 'Trịnh Việt Cường ', '2002-06-17 00:00:00', 0, '0349057958', 'AlejandraCarson@gmail.com', 'Thái Bình ', '002089153401', '2019-01-01 01:36:17', 'CA Hà Nội', '11452b0c-768e-5ff7-0d63-eeb1d8ed8cef', 'D005', 'Phòng Chủ tịch', '697be7ba-1738-6adf-298f-4d82f3a13455', 'P002', 'Vị trí 002', 48574330, '9259934', 'ACB', 'Chi nhánh Ngoại Giao Đoàn', '2021-09-20 07:00:30', 'Dương Xuân Lộc', '2022-09-19 20:48:56', 'Nguyễn Minh Mạnh '),
('6429b0f4-1391-7f32-9390-67245e8b283e', 'NV5806', 'Nguyễn  Thị Mai', '1993-05-30 00:00:00', 0, '0383435501', 'Parish2@gmail.com', 'Nghệ An', '003507366736', '2019-02-17 03:44:03', 'CA Hà Nội', '7686595d-16d5-33b3-0080-e8e2a817c80e', 'D001', 'Phòng Nhân sự', '60e226cb-63fb-4363-fc4d-8601bf3d85d8', 'P004', 'Vị trí 004', 12186354, '7360722', 'ACB', 'Chi nhánh Ngoại Giao Đoàn', '2021-01-01 02:37:34', 'Dương Xuân Lộc', '2022-06-29 11:24:06', 'Lê Văn Ngọc '),
('645f2e5c-7670-66a0-6092-08c864661f9c', 'NV3887', 'Nguyễn  Diễm Ngọc', '1996-04-28 00:00:00', 2, '0377438696', 'Loyd.Hawthorne99@gmail.com', 'Ninh Bình', '002537890957', '2019-07-20 20:54:34', 'CA Hà Nội', '7686595d-16d5-33b3-0080-e8e2a817c80e', 'D001', 'Phòng Nhân sự', '11fbda18-5d9f-396c-1299-04b3a3d51ef2', 'P003', 'Vị trí 003', 17054162, '5743637', 'ACB', 'Chi nhánh Ngoại Giao Đoàn', '2021-01-01 02:04:26', 'Dương Xuân Lộc', NULL, 'Nguyễn Thái Trường '),
('659e6553-7411-4575-1f80-e8e2a817c80e', 'NV8079', 'Nông Thái Thành ', '1997-10-22 00:00:00', NULL, NULL, 'Dow638@gmail.com', 'Hà Nội', '002000577496', '2019-01-01 00:16:17', 'CA Hà Nội', '17120d02-6ab5-3e43-18cb-66948daf6128', 'D003', 'Phòng Thư ký', '697be7ba-1738-6adf-298f-4d82f3a13455', 'P002', 'Vị trí 002', 45553116, '2467567', 'ACB', NULL, '2021-02-01 13:32:07', NULL, NULL, 'Nguyễn Tuấn Thành '),
('65a8faaa-15cf-61dc-7092-08c864661f9c', 'NV3210', 'Võ Ngọc Tuấn ', '2004-12-02 00:00:00', NULL, NULL, 'Baum919@gmail.com', 'Nam Định', '001892912757', '2020-09-29 06:42:56', 'CA Hà Nội', '11452b0c-768e-5ff7-0d63-eeb1d8ed8cef', 'D005', 'Phòng Chủ tịch', '5e6695e2-5aad-3241-6c1a-bb545470e80c', 'P008', 'Vị trí 008', 34971633, '3812074', 'ACB', NULL, NULL, 'Dương Xuân Lộc', NULL, NULL),
('65f87cf3-1975-6013-2ecb-66948daf6128', 'NV0165', 'Hoàng Minh Thái ', '1992-03-11 00:00:00', NULL, NULL, 'hngvsike.gvzlgeurdh@gmail.com', 'Đà nẵng', '001715913211', '2019-12-12 06:33:42', 'CA Hà Nội', '142cb08f-7c31-21fa-8e90-67245e8b283e', 'D007', 'Phòng Lập trình viên', '60e226cb-63fb-4363-fc4d-8601bf3d85d8', 'P004', 'Vị trí 004', 49434618, '6136837', 'ACB', NULL, NULL, 'Dương Xuân Lộc', NULL, NULL),
('66e9a5b8-2a02-52f5-85dd-867949feb8b5', 'NV6856', 'Trân  Mai Ngọc', '1999-04-04 00:00:00', 2, '0345356943', 'JayneByars9@misa.com', 'Hà Nội', '002289573850', '2021-07-30 11:06:49', 'CA Hà Nội', '7686595d-16d5-33b3-0080-e8e2a817c80e', 'D001', 'Phòng Nhân sự', '6d81a322-63f0-7270-6d1a-bb545470e80c', 'P007', 'Vị trí 007', 42345402, '3527609', 'ACB', 'Chi nhánh Ngoại Giao Đoàn', '2021-01-01 00:00:09', 'Dương Xuân Lộc', '2022-08-03 19:15:45', 'Nguyễn Minh Ngọc '),
('6719e18d-6121-4bee-8c32-6a1673ffca7c', 'NV1990', 'Nguyễn Việt Thành ', '2002-05-30 00:00:00', 1, '0392654645', 'Agee@misa.com', 'Đà nẵng', '002353888664', NULL, 'CA Hà Nội', '768f8e64-7d10-20c9-967d-e8c757976496', 'D002', 'Phòng Hội thảo', '5e6695e2-5aad-3241-6c1a-bb545470e80c', 'P008', 'Vị trí 008', NULL, '4688872', 'ACB', 'Chi nhánh Ngoại Giao Đoàn', '2021-02-15 12:17:29', 'Dương Xuân Lộc', NULL, 'Trân Thái Thuận '),
('6764ab86-6fcc-2757-8032-6a1673ffca7c', 'NV7481', 'Nguyễn Thái Bằng ', NULL, 2, '0382481447', 'AlbertPena39@gmail.com', 'Đà nẵng', '003737322771', NULL, 'CA Hà Nội', '4e272fc4-7875-78d6-7d32-6a1673ffca7c', 'D008', 'Phòng Bảo vệ', '11fbda18-5d9f-396c-1299-04b3a3d51ef2', 'P003', 'Vị trí 003', NULL, '5905092', 'ACB', 'Chi nhánh Ngoại Giao Đoàn', '2021-07-16 15:14:20', 'Dương Xuân Lộc', '2022-01-17 03:00:46', 'Nguyễn Tuấn Ngọc '),
('67b5c284-1c59-4a0a-0580-e8e2a817c80e', 'NV8577', 'Nông Minh Thái ', '1992-01-02 00:00:00', 2, '0395058550', 'LavigneJ@gmail.com', 'Sài gòn', '002559011379', '2019-01-01 00:00:12', 'CA Hà Nội', '142cb08f-7c31-21fa-8e90-67245e8b283e', 'D007', 'Phòng Lập trình viên', '6207a9a7-3bf9-7288-8565-390639088226', 'P006', 'Vị trí 006', 42643857, '1439236', 'ACB', 'Chi nhánh Ngoại Giao Đoàn', '2021-06-24 04:17:34', 'Dương Xuân Lộc', '2022-01-24 10:41:40', 'Nguyễn Tuấn Mạnh '),
('67c21be0-5ca9-2f7d-9832-6a1673ffca7c', 'NV5553', 'Nguyễn Thái Ngọc ', '1995-07-13 00:00:00', 0, '0363855582', 'Baldwin@gmail.com', 'Đà nẵng', '002613574908', NULL, 'CA Hà Nội', '469b3ece-744a-45d5-957d-e8c757976496', 'D004', 'Phòng Tiếp khách', '76598eb0-20b1-664e-8665-390639088226', 'P005', 'Vị trí 005', NULL, '2950023', 'ACB', 'Chi nhánh Ngoại Giao Đoàn', NULL, 'Dương Xuân Lộc', '2022-09-17 12:38:19', NULL),
('67ef417b-756d-6f15-a27d-e8c757976496', 'NV1046', 'Mai Việt Tuấn ', '1999-08-24 00:00:00', 1, '0384378452', 'Joyce@gmail.com', 'Hải Dương', '002733570373', '2021-01-19 13:07:18', 'CA Hà Nội', '7686595d-16d5-33b3-0080-e8e2a817c80e', 'D001', 'Phòng Nhân sự', '6d81a322-63f0-7270-6d1a-bb545470e80c', 'P007', 'Vị trí 007', 24857205, '9262633', 'ACB', 'Chi nhánh Ngoại Giao Đoàn', '2021-04-12 22:54:06', 'Dương Xuân Lộc', '2022-01-01 00:20:07', 'Nguyễn Tuấn Mạnh '),
('6835a1cf-2313-55cd-9332-6a1673ffca7c', 'NV6947', 'Nguyễn  Thị Mai', '2003-05-18 00:00:00', NULL, NULL, 'Klinger811@gmail.com', 'Hà Nội', '001223702081', '2020-07-03 11:11:59', 'CA Hà Nội', '768f8e64-7d10-20c9-967d-e8c757976496', 'D002', 'Phòng Hội thảo', '5e6695e2-5aad-3241-6c1a-bb545470e80c', 'P008', 'Vị trí 008', 19038115, '2960387', 'ACB', NULL, '2021-01-07 06:49:03', 'Dương Xuân Lộc', NULL, 'Nguyễn Ngọc Tuấn '),
('68478414-705a-2626-5c92-08c864661f9c', 'NV2059', 'Nguyễn Tuấn Mạnh ', '1993-12-07 00:00:00', 2, '0387224811', 'Adaline.Laughlin9@gmail.com', 'Thái Bình ', '003583425210', '2019-01-01 00:00:07', 'CA Hà Nội', '11452b0c-768e-5ff7-0d63-eeb1d8ed8cef', 'D005', 'Phòng Chủ tịch', '6207a9a7-3bf9-7288-8565-390639088226', 'P006', 'Vị trí 006', 33137443, '8742049', 'ACB', 'Chi nhánh Ngoại Giao Đoàn', NULL, 'Dương Xuân Lộc', '2022-03-15 09:29:58', NULL),
('684b7317-34c4-77ab-a890-67245e8b283e', 'NV2195', 'Lê Tuấn Thái ', '1994-12-11 00:00:00', 1, '0395363071', 'EugenieDubois899@misa.com', 'Nghệ An', '003835289728', '2020-09-03 06:02:25', 'CA Hà Nội', '768f8e64-7d10-20c9-967d-e8c757976496', 'D002', 'Phòng Hội thảo', '697be7ba-1738-6adf-298f-4d82f3a13455', 'P002', 'Vị trí 002', 23057461, '2063573', 'ACB', 'Chi nhánh Ngoại Giao Đoàn', '2021-02-28 15:39:44', 'Dương Xuân Lộc', '2022-01-01 02:25:22', 'Võ Minh Cường '),
('68f8c9eb-65f9-2cfc-0e18-7000f455f3d5', 'NV9470', 'Bùi Tuấn Cường ', '1998-02-24 00:00:00', 1, '0390448349', 'HerbertBoucher@gmail.com', 'Nam Định', '003846699132', '2019-04-02 22:11:43', 'CA Hà Nội', '469b3ece-744a-45d5-957d-e8c757976496', 'D004', 'Phòng Tiếp khách', '697be7ba-1738-6adf-298f-4d82f3a13455', 'P002', 'Vị trí 002', 22630490, '7113965', 'ACB', 'Chi nhánh Ngoại Giao Đoàn', '2021-08-28 03:08:59', 'Dương Xuân Lộc', NULL, 'Nông Minh Hoàng '),
('6916f8cf-1279-16d8-9290-67245e8b283e', 'NV5041', 'Võ Thái Hoàng ', '1998-03-16 00:00:00', 2, '0344933435', 'Brooks3@misa.com', 'Sài gòn', '002082701130', '2019-01-01 00:14:28', 'CA Hà Nội', '4e272fc4-7875-78d6-7d32-6a1673ffca7c', 'D008', 'Phòng Bảo vệ', '76598eb0-20b1-664e-8665-390639088226', 'P005', 'Vị trí 005', 33158006, '7996986', 'ACB', 'Chi nhánh Ngoại Giao Đoàn', '2021-03-03 10:20:03', 'Dương Xuân Lộc', '2022-01-01 12:08:15', 'Nguyễn Ngọc Hiếu '),
('696f0f83-27ea-5246-1380-e8e2a817c80e', 'NV4979', 'Võ Văn Thành ', NULL, 2, '0386498646', 'Douglas5@gmail.com', 'Sài gòn', '001000979366', NULL, 'CA Hà Nội', '17120d02-6ab5-3e43-18cb-66948daf6128', 'D003', 'Phòng Thư ký', '5e6695e2-5aad-3241-6c1a-bb545470e80c', 'P008', 'Vị trí 008', NULL, '0564592', 'ACB', 'Chi nhánh Ngoại Giao Đoàn', '2021-07-30 13:58:40', 'Dương Xuân Lộc', NULL, 'Nguyễn Ngọc Mạnh '),
('698623e9-1def-6cb3-fa17-7000f455f3d5', 'NV7103', 'Trịnh Việt Tuấn ', '1997-07-01 00:00:00', 2, '0398873605', 'MitchHopson662@gmail.com', NULL, '002800163169', '2019-01-01 00:00:47', 'CA Hà Nội', '4577565a-7e3e-493a-74dd-867949feb8b5', 'D006', 'Phòng Tổng giám đốc', '60e226cb-63fb-4363-fc4d-8601bf3d85d8', 'P004', 'Vị trí 004', 38834788, '8986153', 'ACB', 'Chi nhánh Ngoại Giao Đoàn', '2021-01-01 00:00:02', 'Dương Xuân Lộc', '2022-03-09 02:12:43', 'Nguyễn Minh Mạnh '),
('69cdb3c5-55bc-2a7a-9a7d-e8c757976496', 'NV3146', 'Trân Tuấn Mạnh ', '1992-06-14 00:00:00', 0, '0350136205', 'FlorentinoAdams@gmail.com', 'Sài gòn', '003886023957', '2019-01-01 00:14:57', 'CA Hà Nội', '17120d02-6ab5-3e43-18cb-66948daf6128', 'D003', 'Phòng Thư ký', '5e6695e2-5aad-3241-6c1a-bb545470e80c', 'P008', 'Vị trí 008', 36601504, '1600146', 'ACB', 'Chi nhánh Ngoại Giao Đoàn', '2021-09-11 22:07:53', 'Dương Xuân Lộc', '2022-02-16 22:54:07', 'Trịnh Ngọc Bằng '),
('6a25a330-451a-46d8-af7d-e8c757976496', 'NV6546', 'Võ  Thị Hường', '1992-01-04 00:00:00', NULL, NULL, 'GloryYVinson5@misa.com', NULL, '002545810911', '2019-02-01 18:27:48', 'CA Hà Nội', '17120d02-6ab5-3e43-18cb-66948daf6128', 'D003', 'Phòng Thư ký', '5e6695e2-5aad-3241-6c1a-bb545470e80c', 'P008', 'Vị trí 008', 32596266, '6223498', 'ACB', NULL, '2021-09-03 15:00:42', 'Dương Xuân Lộc', NULL, 'Nguyễn Tuấn Thanh '),
('6a4d99cd-242a-6200-7add-867949feb8b5', 'NV9047', 'Nguyễn Việt Mạnh ', '2004-11-23 00:00:00', NULL, NULL, 'AlberthaReeder6@misa.com', NULL, '001241862312', '2021-07-02 21:05:13', 'CA Hà Nội', '7686595d-16d5-33b3-0080-e8e2a817c80e', 'D001', 'Phòng Nhân sự', '76598eb0-20b1-664e-8665-390639088226', 'P005', 'Vị trí 005', 44639837, '6309319', 'ACB', NULL, '2021-04-20 17:59:35', NULL, NULL, 'Hoàng  Minh Hân'),
('6a779fff-7bc4-54f4-b5db-e5d54223c257', 'NV6898', 'Mai Văn Mạnh ', '2000-12-13 00:00:00', 1, '0392863457', 'FreddaDBruner@gmail.com', 'Hà Nội', '002314284773', '2020-06-25 13:21:53', 'CA Hà Nội', '11452b0c-768e-5ff7-0d63-eeb1d8ed8cef', 'D005', 'Phòng Chủ tịch', '697be7ba-1738-6adf-298f-4d82f3a13455', 'P002', 'Vị trí 002', 15364096, '9120665', 'ACB', 'Chi nhánh Ngoại Giao Đoàn', '2021-03-22 03:53:32', NULL, '2022-09-28 16:03:17', 'Nguyễn Tuấn Cường '),
('6af6ef19-44ef-22a6-0118-7000f455f3d5', 'NV9878', 'Trân Ngọc Ngọc ', '1998-04-05 00:00:00', 2, '0349099958', 'Miquel.Taber@gmail.com', 'Hà Nội', '002179022969', '2021-07-28 07:06:32', 'CA Hà Nội', '11452b0c-768e-5ff7-0d63-eeb1d8ed8cef', 'D005', 'Phòng Chủ tịch', '6207a9a7-3bf9-7288-8565-390639088226', 'P006', 'Vị trí 006', 21978800, '8245653', 'ACB', 'Chi nhánh Ngoại Giao Đoàn', '2021-01-01 00:00:13', 'Dương Xuân Lộc', '2022-09-12 10:50:00', 'Mai Ngọc Thanh '),
('6b8a9a77-6b44-5664-ab7d-e8c757976496', 'NV6220', 'Nguyễn Ngọc Thanh ', '2001-11-18 00:00:00', 1, '0376980305', 'Dahl@gmail.com', 'Hà Nội', '003361897155', '2019-01-23 03:02:32', 'CA Hà Nội', '4e272fc4-7875-78d6-7d32-6a1673ffca7c', 'D008', 'Phòng Bảo vệ', '6207a9a7-3bf9-7288-8565-390639088226', 'P006', 'Vị trí 006', 45827950, '7847779', 'ACB', 'Chi nhánh Ngoại Giao Đoàn', '2021-01-16 17:40:50', 'Dương Xuân Lộc', '2022-01-01 00:00:01', 'Nguyễn Tuấn Anh '),
('6bbaa6b2-5caa-16cb-36cb-66948daf6128', 'NV6201', 'Nguyễn Ngọc Hoàng ', '1994-04-07 00:00:00', 0, '0348766947', 'Garvin@gmail.com', 'Ninh Bình', '003117360799', '2020-01-25 16:42:48', 'CA Hà Nội', '142cb08f-7c31-21fa-8e90-67245e8b283e', 'D007', 'Phòng Lập trình viên', '6207a9a7-3bf9-7288-8565-390639088226', 'P006', 'Vị trí 006', 17008170, '3263309', 'ACB', 'Chi nhánh Ngoại Giao Đoàn', '2021-01-01 02:11:39', 'Dương Xuân Lộc', '2022-04-22 22:22:17', 'Trân Việt Hương '),
('6c7a1aa4-706d-6464-37cb-66948daf6128', 'NV3997', 'Nông Minh Anh ', NULL, 2, '0369883387', 'JerrellAguilar@gmail.com', 'Ninh Bình', '002876497934', NULL, 'CA Hà Nội', '768f8e64-7d10-20c9-967d-e8c757976496', 'D002', 'Phòng Hội thảo', '6d81a322-63f0-7270-6d1a-bb545470e80c', 'P007', 'Vị trí 007', NULL, '2269445', 'ACB', 'Chi nhánh Ngoại Giao Đoàn', '2021-01-01 02:02:20', 'Dương Xuân Lộc', NULL, 'Hoàng Việt Thuận '),
('6c97b353-5d7d-4095-1dcb-66948daf6128', 'NV1493', 'Nguyễn Thái Tuấn ', '1992-07-31 00:00:00', 0, '0395032636', 'Dorsey_Bozeman@gmail.com', 'Thái Bình ', '003809021110', '2019-09-21 23:11:41', 'CA Hà Nội', '7686595d-16d5-33b3-0080-e8e2a817c80e', 'D001', 'Phòng Nhân sự', '60e226cb-63fb-4363-fc4d-8601bf3d85d8', 'P004', 'Vị trí 004', 12327387, '1839365', 'ACB', 'Chi nhánh Ngoại Giao Đoàn', '2021-07-13 03:34:28', 'Dương Xuân Lộc', '2022-04-28 18:41:03', 'Mai Tuấn Hoàng '),
('6cba2f79-4256-3aee-33cb-66948daf6128', 'NV7727', 'Nguyễn Ngọc Tuấn ', NULL, 0, '0344298927', 'DaleAguilar@misa.com', 'Nghệ An', '001166408355', NULL, 'CA Hà Nội', '7686595d-16d5-33b3-0080-e8e2a817c80e', 'D001', 'Phòng Nhân sự', '697be7ba-1738-6adf-298f-4d82f3a13455', 'P002', 'Vị trí 002', NULL, '5263210', 'ACB', 'Chi nhánh Ngoại Giao Đoàn', '2021-06-16 17:45:59', 'Dương Xuân Lộc', '2022-07-25 12:29:51', 'Hoàng Văn Mạnh '),
('6d109697-3ecc-4485-90dd-867949feb8b5', 'NV9788', 'Nguyễn Minh Minh ', '2000-06-06 00:00:00', 2, '0362080412', 'Briggs577@gmail.com', 'Hải Dương', '001860132081', '2021-06-19 01:55:36', 'CA Hà Nội', '4e272fc4-7875-78d6-7d32-6a1673ffca7c', 'D008', 'Phòng Bảo vệ', '5ada22d3-3248-6596-6e1a-bb545470e80c', 'P001', 'Vị trí 001', 22461409, '9094480', 'ACB', 'Chi nhánh Ngoại Giao Đoàn', '2021-01-01 00:01:20', 'Dương Xuân Lộc', NULL, 'Bùi Việt Tuấn '),
('6d2783b9-711e-654f-2fcb-66948daf6128', 'NV8634', 'Nông Văn Thuận ', '1995-02-22 00:00:00', 1, '0383562823', 'ScottDolan@gmail.com', 'Ninh Bình', '002352809279', '2019-04-16 09:14:01', 'CA Hà Nội', '469b3ece-744a-45d5-957d-e8c757976496', 'D004', 'Phòng Tiếp khách', '6207a9a7-3bf9-7288-8565-390639088226', 'P006', 'Vị trí 006', 34855817, '8675406', 'ACB', 'Chi nhánh Ngoại Giao Đoàn', '2021-06-09 10:30:29', 'Dương Xuân Lộc', '2022-01-01 00:00:50', 'Nguyễn Minh Thanh '),
('6dbb604e-505f-6307-c1db-e5d54223c257', 'NV7085', 'Trân Thái Cường ', '2003-08-25 00:00:00', 2, '0385933133', 'Sexton112@misa.com', NULL, '002827939321', '2019-01-01 00:01:22', 'CA Hà Nội', '4577565a-7e3e-493a-74dd-867949feb8b5', 'D006', 'Phòng Tổng giám đốc', '5ada22d3-3248-6596-6e1a-bb545470e80c', 'P001', 'Vị trí 001', 33626324, '2696868', 'ACB', 'Chi nhánh Ngoại Giao Đoàn', '2021-01-30 11:27:04', 'Dương Xuân Lộc', NULL, 'Trân Thái Thái '),
('6de8272b-7b3b-319f-8a32-6a1673ffca7c', 'NV0221', 'Nguyễn Thái Mạnh ', '1994-11-14 00:00:00', 0, '0360232632', 'ikge7835@gmail.com', 'Sài gòn', '002869710752', '2019-01-01 00:05:27', 'CA Hà Nội', '11452b0c-768e-5ff7-0d63-eeb1d8ed8cef', 'D005', 'Phòng Chủ tịch', '11fbda18-5d9f-396c-1299-04b3a3d51ef2', 'P003', 'Vị trí 003', 38508382, '5779496', 'ACB', 'Chi nhánh Ngoại Giao Đoàn', '2021-01-01 00:33:05', 'Dương Xuân Lộc', '2022-01-01 00:01:38', 'Hoàng Ngọc Anh '),
('6e7d14ef-6739-5d9f-1680-e8e2a817c80e', 'NV1774', 'Nguyễn Việt Thuận ', '1996-04-01 00:00:00', 2, '0371397705', 'Kuntz@misa.com', NULL, '001857858037', '2019-12-04 03:34:18', 'CA Hà Nội', '4577565a-7e3e-493a-74dd-867949feb8b5', 'D006', 'Phòng Tổng giám đốc', '11fbda18-5d9f-396c-1299-04b3a3d51ef2', 'P003', 'Vị trí 003', 25784897, '6708113', 'ACB', 'Chi nhánh Ngoại Giao Đoàn', '2021-02-14 05:02:10', 'Dương Xuân Lộc', NULL, 'Bùi Minh Ngọc '),
('6e9bb3f5-4c9e-38f7-ae7d-e8c757976496', 'NV3397', 'Nguyễn Minh Minh ', '1992-10-26 00:00:00', 1, '0376476421', 'Hallman74@gmail.com', 'Ninh Bình', '002363686560', '2021-03-09 15:59:12', 'CA Hà Nội', '4e272fc4-7875-78d6-7d32-6a1673ffca7c', 'D008', 'Phòng Bảo vệ', '6207a9a7-3bf9-7288-8565-390639088226', 'P006', 'Vị trí 006', 49582265, '5520340', 'ACB', 'Chi nhánh Ngoại Giao Đoàn', '2021-08-30 15:16:54', NULL, '2022-08-03 11:50:53', 'Bùi Thái Hiếu '),
('6f2475a8-1ff5-13e7-0680-e8e2a817c80e', 'NV1737', 'Mai Ngọc Thanh ', '1992-03-31 00:00:00', 0, '0379821063', 'urpurdcb_wcgvs@gmail.com', 'Hà Nội', '003742846378', '2020-04-07 04:03:57', 'CA Hà Nội', '469b3ece-744a-45d5-957d-e8c757976496', 'D004', 'Phòng Tiếp khách', '5ada22d3-3248-6596-6e1a-bb545470e80c', 'P001', 'Vị trí 001', 12085369, '5122959', 'ACB', 'Chi nhánh Ngoại Giao Đoàn', '2021-01-16 19:27:18', 'Dương Xuân Lộc', NULL, 'Trịnh Minh Anh '),
('6f983f01-51a9-254d-bfdb-e5d54223c257', 'NV6822', 'Nguyễn Tuấn Ngọc ', '1992-02-05 00:00:00', 2, '0367397635', 'BrindaCuevas2@misa.com', 'Đà nẵng', '002015130378', '2020-04-02 10:43:13', 'CA Hà Nội', '4577565a-7e3e-493a-74dd-867949feb8b5', 'D006', 'Phòng Tổng giám đốc', '5e6695e2-5aad-3241-6c1a-bb545470e80c', 'P008', 'Vị trí 008', 48916390, '4512895', 'ACB', 'Chi nhánh Ngoại Giao Đoàn', '2021-01-01 00:00:07', 'Dương Xuân Lộc', NULL, 'Nguyễn Văn Hoàng '),
('6f9b639b-6124-3874-a87d-e8c757976496', 'NV4983', 'Nguyễn Minh Bằng ', NULL, 1, '0368218963', 'AllenQ_Causey@gmail.com', 'Ninh Bình', '003232465635', NULL, 'CA Hà Nội', '11452b0c-768e-5ff7-0d63-eeb1d8ed8cef', 'D005', 'Phòng Chủ tịch', '697be7ba-1738-6adf-298f-4d82f3a13455', 'P002', 'Vị trí 002', NULL, '5186868', 'ACB', 'Chi nhánh Ngoại Giao Đoàn', '2021-05-04 03:57:25', 'Dương Xuân Lộc', '2022-07-13 12:24:35', 'Lê Văn Thanh '),
('70253ec7-2e38-67a9-b1db-e5d54223c257', 'NV5795', 'Nông Văn Mạnh ', '2000-08-26 00:00:00', 2, '0382397870', 'Myles_Almeida4@misa.com', 'Thái Bình ', '003007925178', '2020-11-08 14:02:51', 'CA Hà Nội', '4e272fc4-7875-78d6-7d32-6a1673ffca7c', 'D008', 'Phòng Bảo vệ', '6207a9a7-3bf9-7288-8565-390639088226', 'P006', 'Vị trí 006', 42534882, '7165246', 'ACB', 'Chi nhánh Ngoại Giao Đoàn', '2021-03-01 01:19:37', 'Dương Xuân Lộc', '2022-01-01 00:08:52', 'Nguyễn Minh Bằng '),
('7050d79b-6948-3c66-1fcb-66948daf6128', 'NV1669', 'Nguyễn Văn Thành ', '1995-05-18 00:00:00', 0, '0376411698', 'Akins@gmail.com', NULL, '002620500911', '2020-12-31 01:05:08', 'CA Hà Nội', '768f8e64-7d10-20c9-967d-e8c757976496', 'D002', 'Phòng Hội thảo', '60e226cb-63fb-4363-fc4d-8601bf3d85d8', 'P004', 'Vị trí 004', 35232222, '1247319', 'ACB', 'Chi nhánh Ngoại Giao Đoàn', '2021-07-06 04:59:06', 'Dương Xuân Lộc', NULL, 'Mai Văn Tuấn '),
('7078e567-5be0-4623-2263-eeb1d8ed8cef', 'NV2506', 'Nguyễn  Thị Lệ', '2004-04-13 00:00:00', 1, '0385030861', 'Alan.Steffen87@gmail.com', 'Nam Định', '001805582686', '2020-11-09 13:38:01', 'CA Hà Nội', '4e272fc4-7875-78d6-7d32-6a1673ffca7c', 'D008', 'Phòng Bảo vệ', '6d81a322-63f0-7270-6d1a-bb545470e80c', 'P007', 'Vị trí 007', 21618381, '1252490', 'ACB', 'Chi nhánh Ngoại Giao Đoàn', '2021-01-01 00:30:20', 'Dương Xuân Lộc', NULL, 'Mai Văn Trường '),
('70af83de-413e-63ef-6592-08c864661f9c', 'NV4688', 'Võ Việt Thanh ', '1998-01-25 00:00:00', 2, '0393528377', 'StefanZCartwright74@gmail.com', 'Thái Bình ', '003441676652', '2019-01-01 00:27:32', 'CA Hà Nội', '11452b0c-768e-5ff7-0d63-eeb1d8ed8cef', 'D005', 'Phòng Chủ tịch', '6d81a322-63f0-7270-6d1a-bb545470e80c', 'P007', 'Vị trí 007', 49957147, '7451477', 'ACB', 'Chi nhánh Ngoại Giao Đoàn', '2021-08-11 14:08:49', 'Dương Xuân Lộc', '2022-03-12 00:19:24', 'Trịnh Việt Mạnh '),
('70c65970-3394-495f-c0db-e5d54223c257', 'NV9532', 'Mai Tuấn Hoàng ', NULL, 0, '0374579373', 'AdriaGalvin@misa.com', NULL, '001518430789', NULL, 'CA Hà Nội', '17120d02-6ab5-3e43-18cb-66948daf6128', 'D003', 'Phòng Thư ký', '5ada22d3-3248-6596-6e1a-bb545470e80c', 'P001', 'Vị trí 001', NULL, '6473300', 'ACB', 'Chi nhánh Ngoại Giao Đoàn', '2021-07-31 17:37:50', 'Dương Xuân Lộc', NULL, 'Nguyễn Văn Mạnh '),
('70d5acf3-2d43-7ebb-9a90-67245e8b283e', 'NV7598', 'Nguyễn Ngọc Thành ', '1992-01-18 00:00:00', 2, '0357452628', 'Meehan@misa.com', NULL, '002652971613', '2019-07-18 19:00:57', 'CA Hà Nội', '17120d02-6ab5-3e43-18cb-66948daf6128', 'D003', 'Phòng Thư ký', '5ada22d3-3248-6596-6e1a-bb545470e80c', 'P001', 'Vị trí 001', 29992161, '8870614', 'ACB', 'Chi nhánh Ngoại Giao Đoàn', '2021-02-13 22:01:22', 'Dương Xuân Lộc', '2022-01-09 23:13:17', 'Mai Văn Thuận '),
('7136099c-206b-1466-81dd-867949feb8b5', 'NV4868', 'Trịnh Thái Anh ', '1998-12-12 00:00:00', 1, '0385811981', 'Antoine.JBruce317@misa.com', 'Hà Nội', '001466425869', '2020-06-01 08:11:40', 'CA Hà Nội', '17120d02-6ab5-3e43-18cb-66948daf6128', 'D003', 'Phòng Thư ký', '5e6695e2-5aad-3241-6c1a-bb545470e80c', 'P008', 'Vị trí 008', 19632174, '7304839', 'ACB', 'Chi nhánh Ngoại Giao Đoàn', NULL, 'Dương Xuân Lộc', '2022-07-21 23:45:12', NULL),
('71c459c3-508d-1245-b6db-e5d54223c257', 'NV7794', 'Bùi Văn Hiếu ', NULL, 0, '0394806496', 'AgnusAcevedo@misa.com', 'Ninh Bình', '003614215462', NULL, 'CA Hà Nội', '17120d02-6ab5-3e43-18cb-66948daf6128', 'D003', 'Phòng Thư ký', '5e6695e2-5aad-3241-6c1a-bb545470e80c', 'P008', 'Vị trí 008', NULL, '4432243', 'ACB', 'Chi nhánh Ngoại Giao Đoàn', '2021-03-17 12:30:21', 'Dương Xuân Lộc', NULL, 'Mai Thái Mạnh '),
('725df9dc-25c1-58eb-a490-67245e8b283e', 'NV9563', 'Nguyễn Việt Tuấn ', '2001-03-20 00:00:00', 0, '0360505902', 'Acker@gmail.com', 'Hà Nội', '003116130821', '2020-03-31 12:52:32', 'CA Hà Nội', '4577565a-7e3e-493a-74dd-867949feb8b5', 'D006', 'Phòng Tổng giám đốc', '5ada22d3-3248-6596-6e1a-bb545470e80c', 'P001', 'Vị trí 001', 12994678, '1088879', 'ACB', 'Chi nhánh Ngoại Giao Đoàn', '2021-08-14 14:55:49', 'Dương Xuân Lộc', '2022-06-09 14:30:39', 'Nguyễn Minh Bằng '),
('72ce912f-6015-2e14-fb17-7000f455f3d5', 'NV4748', 'Lê Thái Thành ', '2001-10-07 00:00:00', 2, '0391881539', 'Devon_Geiger76@gmail.com', 'Đà nẵng', '001245482653', '2019-06-09 07:07:56', 'CA Hà Nội', '4e272fc4-7875-78d6-7d32-6a1673ffca7c', 'D008', 'Phòng Bảo vệ', '60e226cb-63fb-4363-fc4d-8601bf3d85d8', 'P004', 'Vị trí 004', 10689221, '6714465', 'ACB', 'Chi nhánh Ngoại Giao Đoàn', '2021-09-17 06:17:44', 'Dương Xuân Lộc', '2022-07-21 16:32:51', 'Bùi Minh Anh '),
('7325f44f-127c-240c-afdb-e5d54223c257', 'NV6103', 'Nông Ngọc Trường ', '1997-04-24 00:00:00', 1, '0341957134', 'Frierson274@gmail.com', 'Đà nẵng', '001520541970', '2019-09-23 03:06:50', 'CA Hà Nội', '7686595d-16d5-33b3-0080-e8e2a817c80e', 'D001', 'Phòng Nhân sự', '697be7ba-1738-6adf-298f-4d82f3a13455', 'P002', 'Vị trí 002', 29880084, '2051999', 'ACB', 'Chi nhánh Ngoại Giao Đoàn', '2021-05-06 19:46:05', 'Dương Xuân Lộc', '2022-01-01 00:00:07', 'Trịnh Tuấn Trường '),
('73feb9c0-5258-209c-1280-e8e2a817c80e', 'NV8339', 'Nguyễn  Thị Mai', NULL, NULL, NULL, 'Milton_Abney991@gmail.com', 'Nghệ An', '002587910156', NULL, 'CA Hà Nội', '17120d02-6ab5-3e43-18cb-66948daf6128', 'D003', 'Phòng Thư ký', '5e6695e2-5aad-3241-6c1a-bb545470e80c', 'P008', 'Vị trí 008', NULL, '8842662', 'ACB', NULL, '2021-01-01 00:00:32', 'Dương Xuân Lộc', NULL, 'Võ Minh Thanh '),
('74017ba6-559b-3426-8532-6a1673ffca7c', 'NV2137', 'Lê Ngọc Anh ', '1998-07-05 00:00:00', 1, '0353954631', 'KayeLentz@gmail.com', 'Ninh Bình', '002032058648', '2019-10-23 15:32:17', 'CA Hà Nội', '4e272fc4-7875-78d6-7d32-6a1673ffca7c', 'D008', 'Phòng Bảo vệ', '11fbda18-5d9f-396c-1299-04b3a3d51ef2', 'P003', 'Vị trí 003', 20475226, '8992491', 'ACB', 'Chi nhánh Ngoại Giao Đoàn', '2021-02-05 07:23:48', 'Dương Xuân Lộc', '2022-01-01 00:01:38', 'Nông Ngọc Trường '),
('756ac66d-5ca5-79ff-b9db-e5d54223c257', 'NV3627', 'Hoàng Tuấn Tuấn ', '1995-04-28 00:00:00', 2, '0378285287', 'AdelinaBeaudoin@gmail.com', 'Nghệ An', '001602129733', '2020-04-14 23:05:31', 'CA Hà Nội', '4e272fc4-7875-78d6-7d32-6a1673ffca7c', 'D008', 'Phòng Bảo vệ', '76598eb0-20b1-664e-8665-390639088226', 'P005', 'Vị trí 005', 29705511, '1864543', 'ACB', 'Chi nhánh Ngoại Giao Đoàn', '2021-08-20 13:58:37', 'Dương Xuân Lộc', NULL, 'Mai Thái Trường '),
('758f86f1-3af9-68b9-1763-eeb1d8ed8cef', 'NV7585', 'Nguyễn Ngọc Thành ', '1992-01-01 00:00:00', 2, '0359537538', 'mvahn39@gmail.com', 'Hải Dương', '001153764338', '2019-04-21 10:25:31', 'CA Hà Nội', '469b3ece-744a-45d5-957d-e8c757976496', 'D004', 'Phòng Tiếp khách', '5e6695e2-5aad-3241-6c1a-bb545470e80c', 'P008', 'Vị trí 008', 19501902, '9369477', 'ACB', 'Chi nhánh Ngoại Giao Đoàn', '2021-01-01 00:16:14', 'Dương Xuân Lộc', '2022-08-27 03:44:13', 'Nguyễn Việt Tuấn '),
('75fcbf6d-4e84-4cc4-9f90-67245e8b283e', 'NV6243', 'Mai Tuấn Anh ', '1996-04-24 00:00:00', NULL, NULL, 'oagpfd3@gmail.com', 'Đà nẵng', '001420448163', '2021-03-24 12:48:30', 'CA Hà Nội', '142cb08f-7c31-21fa-8e90-67245e8b283e', 'D007', 'Phòng Lập trình viên', '76598eb0-20b1-664e-8665-390639088226', 'P005', 'Vị trí 005', 30192838, '6121512', 'ACB', NULL, '2021-06-07 17:59:50', 'Dương Xuân Lộc', NULL, 'Nông Tuấn Anh '),
('7623d42f-35f4-1ce5-987d-e8c757976496', 'NV5376', 'Nguyễn Minh Cường ', '2000-05-11 00:00:00', 0, '0344919847', 'Brockman93@gmail.com', 'Hà Nội', '002252204010', '2021-02-22 10:24:22', 'CA Hà Nội', '4e272fc4-7875-78d6-7d32-6a1673ffca7c', 'D008', 'Phòng Bảo vệ', '6207a9a7-3bf9-7288-8565-390639088226', 'P006', 'Vị trí 006', 33658234, '3329048', 'ACB', 'Chi nhánh Ngoại Giao Đoàn', '2021-03-09 17:06:12', 'Dương Xuân Lộc', '2022-01-01 00:12:43', 'Bùi  Mai Hân'),
('767111e6-3dbc-615a-0880-e8e2a817c80e', 'NV9539', 'Võ Ngọc Mạnh ', NULL, 1, '0341730557', 'Coats@gmail.com', 'Nam Định', '002340505510', NULL, 'CA Hà Nội', '142cb08f-7c31-21fa-8e90-67245e8b283e', 'D007', 'Phòng Lập trình viên', '697be7ba-1738-6adf-298f-4d82f3a13455', 'P002', 'Vị trí 002', NULL, '5797495', 'ACB', 'Chi nhánh Ngoại Giao Đoàn', '2021-05-02 19:42:23', NULL, '2022-06-18 13:16:33', 'Mai Tuấn Bằng '),
('7686595d-16d5-33b3-0080-e8e2a817c80e', 'NV1012', 'Nông Văn Mạnh ', '1994-04-15 00:00:00', 2, '0350338252', 'ibfu788@gmail.com', 'Hà Nội', '003795049236', '2021-02-08 21:09:14', 'CA Hà Nội', '4577565a-7e3e-493a-74dd-867949feb8b5', 'D006', 'Phòng Tổng giám đốc', '6207a9a7-3bf9-7288-8565-390639088226', 'P006', 'Vị trí 006', 30725914, '4824047', 'ACB', 'Chi nhánh Ngoại Giao Đoàn', '2021-05-24 04:52:15', 'Dương Xuân Lộc', NULL, 'Lê Tuấn Hương '),
('768f8e64-7d10-20c9-967d-e8c757976496', 'NV6073', 'Nguyễn Tuấn Hiếu ', NULL, 2, '0345995285', 'Abbott@gmail.com', NULL, '001427746182', NULL, 'CA Hà Nội', '768f8e64-7d10-20c9-967d-e8c757976496', 'D002', 'Phòng Hội thảo', '697be7ba-1738-6adf-298f-4d82f3a13455', 'P002', 'Vị trí 002', NULL, '4985800', 'ACB', 'Chi nhánh Ngoại Giao Đoàn', '2021-07-27 02:46:56', 'Dương Xuân Lộc', NULL, 'Nông Minh Thái '),
('76e957e1-4ab8-6247-9932-6a1673ffca7c', 'NV4857', 'Nguyễn Ngọc Mạnh ', '1992-01-26 00:00:00', NULL, NULL, 'efbun9496@misa.com', 'Nghệ An', '003352866085', '2019-01-01 00:00:54', 'CA Hà Nội', '469b3ece-744a-45d5-957d-e8c757976496', 'D004', 'Phòng Tiếp khách', '5ada22d3-3248-6596-6e1a-bb545470e80c', 'P001', 'Vị trí 001', 41050092, '4953510', 'ACB', NULL, '2021-09-22 04:02:20', 'Dương Xuân Lộc', NULL, 'Bùi Ngọc Hương '),
('771e3dd1-42bb-2339-acdb-e5d54223c257', 'NV4645', 'Nguyễn Tuấn Thuận ', '1997-11-27 00:00:00', 0, '0347186147', 'Roland@gmail.com', 'Nam Định', '002920896018', '2019-11-20 02:23:00', 'CA Hà Nội', '142cb08f-7c31-21fa-8e90-67245e8b283e', 'D007', 'Phòng Lập trình viên', '60e226cb-63fb-4363-fc4d-8601bf3d85d8', 'P004', 'Vị trí 004', 31368442, '0887447', 'ACB', 'Chi nhánh Ngoại Giao Đoàn', '2021-05-10 20:57:19', 'Dương Xuân Lộc', NULL, 'Trịnh Tuấn Bằng '),
('773acde0-4741-351b-6992-08c864661f9c', 'NV5479', 'Nguyễn Tuấn Trường ', '1994-06-22 00:00:00', 1, '0381833478', 'JewelContreras@gmail.com', 'Hải Dương', '001752294834', '2020-05-11 12:38:03', 'CA Hà Nội', '4577565a-7e3e-493a-74dd-867949feb8b5', 'D006', 'Phòng Tổng giám đốc', '6207a9a7-3bf9-7288-8565-390639088226', 'P006', 'Vị trí 006', 33140172, '2232569', 'ACB', 'Chi nhánh Ngoại Giao Đoàn', '2021-08-14 03:11:25', 'Dương Xuân Lộc', NULL, 'Nguyễn Văn Cường '),
('777694f5-489a-261b-0d18-7000f455f3d5', 'NV1895', 'Nguyễn Văn Tuấn ', '1994-09-03 00:00:00', 2, '0341667045', 'Ambrose_Sapp@gmail.com', 'Nghệ An', '002953229597', '2021-04-19 22:58:54', 'CA Hà Nội', '17120d02-6ab5-3e43-18cb-66948daf6128', 'D003', 'Phòng Thư ký', '697be7ba-1738-6adf-298f-4d82f3a13455', 'P002', 'Vị trí 002', 26947439, '6319725', 'ACB', 'Chi nhánh Ngoại Giao Đoàn', '2021-01-01 00:01:33', NULL, '2022-01-01 00:00:14', 'Nguyễn Việt Hương '),
('787f6a58-4353-21fd-93dd-867949feb8b5', 'NV1941', 'Bùi Văn Thanh ', '1994-06-07 00:00:00', NULL, NULL, 'Steffen@misa.com', NULL, '003012816739', '2019-01-01 00:00:04', 'CA Hà Nội', '768f8e64-7d10-20c9-967d-e8c757976496', 'D002', 'Phòng Hội thảo', '76598eb0-20b1-664e-8665-390639088226', 'P005', 'Vị trí 005', 17726888, '4559411', 'ACB', NULL, '2021-05-31 03:32:25', NULL, NULL, 'Nguyễn Tuấn Tuấn '),
('791b9e6b-6010-1e33-b0db-e5d54223c257', 'NV9541', 'Trân Ngọc Anh ', '2001-10-09 00:00:00', 2, '0391109920', 'MarciMadison@gmail.com', NULL, '002926157077', '2020-01-22 14:32:44', 'CA Hà Nội', '17120d02-6ab5-3e43-18cb-66948daf6128', 'D003', 'Phòng Thư ký', '6d81a322-63f0-7270-6d1a-bb545470e80c', 'P007', 'Vị trí 007', 40802584, '4768095', 'ACB', 'Chi nhánh Ngoại Giao Đoàn', '2021-06-17 02:20:33', 'Dương Xuân Lộc', NULL, 'Hoàng Tuấn Thành '),
('79fa8253-391f-4864-b2db-e5d54223c257', 'NV9071', 'Trịnh Văn Minh ', '1993-09-28 00:00:00', 1, '0363545878', 'Tanner.Mccune24@gmail.com', NULL, '003712257025', '2019-06-11 19:57:15', 'CA Hà Nội', '142cb08f-7c31-21fa-8e90-67245e8b283e', 'D007', 'Phòng Lập trình viên', '6207a9a7-3bf9-7288-8565-390639088226', 'P006', 'Vị trí 006', 42710421, '7903508', 'ACB', 'Chi nhánh Ngoại Giao Đoàn', '2021-01-01 00:00:45', 'Dương Xuân Lộc', NULL, 'Nguyễn Minh Cường '),
('7a6997da-29dc-11d3-30cb-66948daf6128', 'NV1845', 'Nông Tuấn Anh ', '1992-01-04 00:00:00', 0, '0381310164', 'Rosaline.Olmstead@gmail.com', NULL, '001216137196', '2019-01-01 00:13:25', 'CA Hà Nội', '7686595d-16d5-33b3-0080-e8e2a817c80e', 'D001', 'Phòng Nhân sự', '5e6695e2-5aad-3241-6c1a-bb545470e80c', 'P008', 'Vị trí 008', 46144297, '2765249', 'ACB', 'Chi nhánh Ngoại Giao Đoàn', '2021-01-04 08:15:45', 'Dương Xuân Lộc', '2022-04-15 06:51:39', 'Nguyễn Việt Cường '),
('7ab88ffb-2470-5e16-0a18-7000f455f3d5', 'NV3781', 'Nguyễn Việt Tuấn ', '2004-06-30 00:00:00', 2, '0378164997', 'Deaton@gmail.com', NULL, '001529257571', '2020-06-05 15:32:06', 'CA Hà Nội', '142cb08f-7c31-21fa-8e90-67245e8b283e', 'D007', 'Phòng Lập trình viên', '11fbda18-5d9f-396c-1299-04b3a3d51ef2', 'P003', 'Vị trí 003', 40001135, '6295870', 'ACB', 'Chi nhánh Ngoại Giao Đoàn', '2021-01-14 08:35:06', 'Dương Xuân Lộc', NULL, 'Trịnh Tuấn Cường '),
('7abe18db-2b8a-5fcb-aedb-e5d54223c257', 'NV6684', 'Nguyễn Tuấn Minh ', '1999-03-15 00:00:00', 2, '0391013564', 'Stefan.G_Corbin136@gmail.com', 'Nam Định', '002794050062', '2021-04-24 03:30:53', 'CA Hà Nội', '4e272fc4-7875-78d6-7d32-6a1673ffca7c', 'D008', 'Phòng Bảo vệ', '697be7ba-1738-6adf-298f-4d82f3a13455', 'P002', 'Vị trí 002', 34828407, '3819581', 'ACB', 'Chi nhánh Ngoại Giao Đoàn', NULL, 'Dương Xuân Lộc', NULL, NULL),
('7b808a79-129e-4370-0018-7000f455f3d5', 'NV4011', 'Nguyễn Minh Mạnh ', '2003-12-15 00:00:00', 2, '0340103769', 'LashaundaEBostick1@gmail.com', NULL, '003203739844', '2021-04-29 23:54:47', 'CA Hà Nội', '11452b0c-768e-5ff7-0d63-eeb1d8ed8cef', 'D005', 'Phòng Chủ tịch', '11fbda18-5d9f-396c-1299-04b3a3d51ef2', 'P003', 'Vị trí 003', 46203610, '8906257', 'ACB', 'Chi nhánh Ngoại Giao Đoàn', NULL, 'Dương Xuân Lộc', '2022-07-12 10:22:44', NULL),
('7bec5682-21c4-666f-a8db-e5d54223c257', 'NV6292', 'Nguyễn  Thị Ngọc', '1993-06-20 00:00:00', 0, '0364007094', 'CaryAcker@misa.com', 'Hải Dương', '002407096692', '2021-08-25 21:46:02', 'CA Hà Nội', '768f8e64-7d10-20c9-967d-e8c757976496', 'D002', 'Phòng Hội thảo', '5ada22d3-3248-6596-6e1a-bb545470e80c', 'P001', 'Vị trí 001', 26580485, '5965300', 'ACB', 'Chi nhánh Ngoại Giao Đoàn', '2021-01-01 00:00:06', 'Dương Xuân Lộc', '2022-07-06 22:37:16', 'Nguyễn Việt Ngọc '),
('7c3f8673-49b6-2937-0f18-7000f455f3d5', 'NV8110', 'Trân Minh Ngọc ', NULL, NULL, NULL, 'Way489@gmail.com', 'Thái Bình ', '002441640620', '2020-11-07 14:12:17', 'CA Hà Nội', '11452b0c-768e-5ff7-0d63-eeb1d8ed8cef', 'D005', 'Phòng Chủ tịch', '6d81a322-63f0-7270-6d1a-bb545470e80c', 'P007', 'Vị trí 007', 18222341, '3973349', 'ACB', NULL, '2021-04-07 02:15:19', NULL, NULL, 'Mai Thái Thanh '),
('7c6a2a90-6ea1-133c-7492-08c864661f9c', 'NV3478', 'Nguyễn Việt Minh ', '2002-07-24 00:00:00', 2, '0399350693', 'mmovnuq8478@misa.com', 'Sài gòn', '003734660325', '2021-08-05 21:37:17', 'CA Hà Nội', '7686595d-16d5-33b3-0080-e8e2a817c80e', 'D001', 'Phòng Nhân sự', '5e6695e2-5aad-3241-6c1a-bb545470e80c', 'P008', 'Vị trí 008', 30829275, '8873607', 'ACB', 'Chi nhánh Ngoại Giao Đoàn', '2021-05-18 07:52:25', 'Dương Xuân Lộc', '2022-06-27 05:22:19', 'Võ Minh Ngọc '),
('7c947f0c-2a30-3540-1f63-eeb1d8ed8cef', 'NV7286', 'Nguyễn Tuấn Thuận ', '1992-01-29 00:00:00', 1, '0363110534', 'Sharie_Marion3@misa.com', 'Thái Bình ', '001896916735', '2020-11-01 01:04:17', 'CA Hà Nội', '11452b0c-768e-5ff7-0d63-eeb1d8ed8cef', 'D005', 'Phòng Chủ tịch', '76598eb0-20b1-664e-8665-390639088226', 'P005', 'Vị trí 005', 32900011, '7240298', 'ACB', 'Chi nhánh Ngoại Giao Đoàn', '2021-01-01 00:01:07', 'Dương Xuân Lộc', '2022-02-08 17:43:29', 'Nguyễn Văn Mạnh '),
('7d663944-7eb7-7c68-8add-867949feb8b5', 'NV2501', 'Nguyễn Tuấn Thuận ', '1995-05-22 00:00:00', 0, '0364641356', 'GenevieveHammonds@gmail.com', 'Nam Định', '003566844295', '2020-05-02 10:53:08', 'CA Hà Nội', '11452b0c-768e-5ff7-0d63-eeb1d8ed8cef', 'D005', 'Phòng Chủ tịch', '697be7ba-1738-6adf-298f-4d82f3a13455', 'P002', 'Vị trí 002', 21024066, '3708515', 'ACB', 'Chi nhánh Ngoại Giao Đoàn', '2021-03-21 12:57:37', 'Dương Xuân Lộc', NULL, 'Nguyễn Văn Hoàng '),
('7dbdf5fd-6a92-497b-0c80-e8e2a817c80e', 'NV8103', 'Nguyễn Việt Trường ', '1994-01-13 00:00:00', 0, '0396375455', 'Lund2@gmail.com', 'Thái Bình ', '003869606043', '2019-05-23 18:49:24', 'CA Hà Nội', '469b3ece-744a-45d5-957d-e8c757976496', 'D004', 'Phòng Tiếp khách', '6207a9a7-3bf9-7288-8565-390639088226', 'P006', 'Vị trí 006', 27569957, '2468391', 'ACB', 'Chi nhánh Ngoại Giao Đoàn', '2021-05-15 07:33:11', 'Dương Xuân Lộc', NULL, 'Nguyễn  Thị Ngọc'),
('7e4a64ed-3925-5bb5-6392-08c864661f9c', 'NV4002', 'Nông Ngọc Cường ', '1992-01-02 00:00:00', 0, '0382768984', 'RickyAlonso@gmail.com', NULL, '003180215900', '2019-01-01 00:15:45', 'CA Hà Nội', '768f8e64-7d10-20c9-967d-e8c757976496', 'D002', 'Phòng Hội thảo', '697be7ba-1738-6adf-298f-4d82f3a13455', 'P002', 'Vị trí 002', 25079649, '0623214', 'ACB', 'Chi nhánh Ngoại Giao Đoàn', '2021-01-01 00:00:03', NULL, NULL, 'Nguyễn Việt Thanh '),
('7e8f50b2-5100-74d8-0480-e8e2a817c80e', 'NV4603', 'Nông Tuấn Bằng ', '1992-02-08 00:00:00', 0, '0372827697', 'Ada.Crowe1@misa.com', 'Ninh Bình', '001695881804', '2020-12-15 14:33:29', 'CA Hà Nội', '11452b0c-768e-5ff7-0d63-eeb1d8ed8cef', 'D005', 'Phòng Chủ tịch', '697be7ba-1738-6adf-298f-4d82f3a13455', 'P002', 'Vị trí 002', 14562820, '6638499', 'ACB', 'Chi nhánh Ngoại Giao Đoàn', '2021-06-18 18:34:18', 'Dương Xuân Lộc', NULL, 'Trịnh Tuấn Anh '),
('7f3d5027-1858-6752-1080-e8e2a817c80e', 'NV3452', 'Nguyễn Minh Cường ', '1992-01-09 00:00:00', 0, '0374070567', 'Shaunda_Keefe9@gmail.com', 'Hải Dương', '001599730204', '2019-01-01 00:10:43', 'CA Hà Nội', '11452b0c-768e-5ff7-0d63-eeb1d8ed8cef', 'D005', 'Phòng Chủ tịch', '5ada22d3-3248-6596-6e1a-bb545470e80c', 'P001', 'Vị trí 001', 30715622, '3283222', 'ACB', 'Chi nhánh Ngoại Giao Đoàn', '2021-07-27 10:01:30', 'Dương Xuân Lộc', NULL, 'Nguyễn Minh Hoàng '),
('7f4552ee-20f2-2f82-9890-67245e8b283e', 'NV6588', 'Nguyễn  Thị Hương', '1997-04-09 00:00:00', 2, '0388857825', 'pvsrscn6469@gmail.com', NULL, '001908551714', '2020-07-18 11:26:59', 'CA Hà Nội', '142cb08f-7c31-21fa-8e90-67245e8b283e', 'D007', 'Phòng Lập trình viên', '697be7ba-1738-6adf-298f-4d82f3a13455', 'P002', 'Vị trí 002', 21976652, '1303553', 'ACB', 'Chi nhánh Ngoại Giao Đoàn', NULL, 'Dương Xuân Lộc', '2022-07-01 14:30:46', NULL),
('7f609b3d-31d7-548b-0318-7000f455f3d5', 'NV4141', 'Nguyễn Ngọc Tuấn ', '1992-01-10 00:00:00', 2, '0384058496', 'JordanBenitez@gmail.com', 'Nam Định', '002185614741', '2019-01-01 01:42:30', 'CA Hà Nội', '4577565a-7e3e-493a-74dd-867949feb8b5', 'D006', 'Phòng Tổng giám đốc', '6207a9a7-3bf9-7288-8565-390639088226', 'P006', 'Vị trí 006', 41374967, '2043949', 'ACB', 'Chi nhánh Ngoại Giao Đoàn', '2021-07-28 22:54:30', 'Dương Xuân Lộc', '2022-01-01 00:15:28', 'Nguyễn Tuấn Cường '),
('7f662b42-535c-433b-6c92-08c864661f9c', 'NV3480', 'Nguyễn  Mai Diễm', NULL, 1, '0367089046', 'Mireille_Isbell23@gmail.com', NULL, '003273882228', NULL, 'CA Hà Nội', '17120d02-6ab5-3e43-18cb-66948daf6128', 'D003', 'Phòng Thư ký', '5ada22d3-3248-6596-6e1a-bb545470e80c', 'P001', 'Vị trí 001', NULL, '1091887', 'ACB', 'Chi nhánh Ngoại Giao Đoàn', '2021-03-17 09:39:35', 'Dương Xuân Lộc', '2022-01-22 23:47:42', 'Nguyễn Văn Hương '),
('7fe66336-61af-74c3-9732-6a1673ffca7c', 'NV6685', 'Trân Việt Cường ', '1998-09-26 00:00:00', 1, '0384547524', 'Junita_ABurkhart@misa.com', 'Hà Nội', '001965941229', '2019-05-19 10:52:38', 'CA Hà Nội', '11452b0c-768e-5ff7-0d63-eeb1d8ed8cef', 'D005', 'Phòng Chủ tịch', '76598eb0-20b1-664e-8665-390639088226', 'P005', 'Vị trí 005', 18521437, '5807701', 'ACB', 'Chi nhánh Ngoại Giao Đoàn', '2021-01-01 02:33:48', NULL, '2022-01-01 00:00:36', 'Hoàng Thái Ngọc '),
('b72ac4e6-0a57-4b21-b6b6-a108e81836b3', 'nv45wer34', 'xcsdfsdfs', '2022-09-29 00:00:00', 1, NULL, NULL, NULL, NULL, '0001-01-01 00:00:00', NULL, NULL, 'D007', 'Phòng Lập trình viên', '5ada22d3-3248-6596-6e1a-bb545470e80c', NULL, 'Vị trí 001', NULL, NULL, NULL, NULL, '2022-10-02 21:37:55', 'Dương Xuân Lộc', '2022-10-02 21:37:55', 'Cao Văn Cường'),
('c040d2ad-1183-4d58-a58d-843f58920aea', 'nv32423', 'ádasd', '2022-10-05 00:00:00', 1, NULL, NULL, NULL, 'ádasdas', '0001-01-01 00:00:00', 'đâsdadasdas', NULL, 'D005', 'Phòng Chủ tịch', '5ada22d3-3248-6596-6e1a-bb545470e80c', NULL, 'Vị trí 001', NULL, NULL, NULL, NULL, '2022-10-02 21:37:33', 'Dương Xuân Lộc', '2022-10-02 21:37:33', 'Cao Văn Cường'),
('dcefe9e9-fc6d-490e-b239-c066f1fece05', 'nv436534', 'ádasd', '2022-10-12 00:00:00', 0, NULL, NULL, NULL, 'sdasdas', '2022-10-04 00:00:00', 'ádasdasd', NULL, 'D007', 'Phòng Lập trình viên', '5ada22d3-3248-6596-6e1a-bb545470e80c', NULL, 'Vị trí 001', NULL, NULL, NULL, NULL, '2022-10-03 10:05:32', 'Dương Xuân Lộc', '2022-10-03 10:05:32', 'Cao Văn Cường'),
('ffeb9890-b078-4483-aa03-0bd512f0e16b', 'NV89869', 'Trịnh Việt Mạnh ', '1994-11-11 00:00:00', 1, '0344071367', 'suca6765@gmail.com', 'Sài gòn', '001236804999', '2019-01-01 00:00:06', 'CA Hà Nội', '4e272fc4-7875-78d6-7d32-6a1673ffca7c', 'D006', 'Phòng Tổng giám đốc', '60e226cb-63fb-4363-fc4d-8601bf3d85d8', 'P003', 'Vị trí 004', NULL, '3900978', 'ACB', 'Chi nhánh Ngoại Giao Đoàn', '2021-01-01 00:16:31', 'Dương Xuân Lộc', '2022-10-02 11:50:08', 'Mai Việt Cường ');

-- 
-- Restore previous SQL mode
-- 
/*!40101 SET SQL_MODE=@OLD_SQL_MODE */;

-- 
-- Enable foreign keys
-- 
/*!40014 SET FOREIGN_KEY_CHECKS = @OLD_FOREIGN_KEY_CHECKS */;